model,horizon,regime,meta_model,position_sizing,cost_bps,cagr,annual_volatility,sharpe,sortino,max_drawdown,cost_drag,turnover,number_of_trades,gross_cagr,feature_count,train_period,test_period,rank_ic,pearson_ic,icir,direction_accuracy,prediction_target_correlation,top_decile_alpha,bottom_decile_alpha,top_bottom_spread,fold_rank_ic_std,cost_sensitivity,robustness_score
ridge,20,none,triple_barrier_lgbm_p>0.60,equal,10,0.0009196127405048937,0.0018660562112319315,0.493516808903692,0.39517661383030694,-0.0023841825063058986,0.0010854603174603175,0.0003569364161849711,502.0,0.0010185249780525485,38,2014-01-02..2022-12-01,2022-2024,0.0492333767070269,0.0350596860216191,0.2225023985303446,0.5192418124719606,0.0329731659471641,0.0858549170555608,-0.0433339735298801,0.1291888905854409,0.082240973295498,0.21559243886775364,1.2922964138742892
ridge,20,none,triple_barrier_lgbm_p>0.55,equal,10,0.0009372785310082232,0.002680688760900361,0.35081693943339387,0.248617592393134,-0.0052240919267160235,0.0020643095238095234,0.0006784682080924856,958.0,0.0011254033858283385,38,2014-01-02..2022-12-01,2022-2024,0.0492333767070269,0.0350596860216191,0.2225023985303446,0.5192418124719606,0.0329731659471641,0.0858549170555608,-0.0433339735298801,0.1291888905854409,0.082240973295498,0.2868011872669599,1.1289222947045887
ridge,20,none,triple_barrier_lgbm_p>0.50,equal,10,0.0007533564231874124,0.003047846347450694,0.2486066156946613,0.1735244748803681,-0.00593272891807739,0.0021214682539682536,0.0006972543352601157,984.0,0.0009466562474176321,38,2014-01-02..2022-12-01,2022-2024,0.0492333767070269,0.0350596860216191,0.2225023985303446,0.5192418124719606,0.0329731659471641,0.0858549170555608,-0.0433339735298801,0.1291888905854409,0.082240973295498,0.2593729797223264,1.0328585072479364
ridge,20,none,none,prediction_magnitude,10,-0.0116305706742018,0.0338324800588384,-0.3288824638808498,-0.4928797065050661,-0.0655614857389588,0.0219445476190476,0.0257909677419354,9994.0,-0.004552622037214,38,2014-01-02..2022-12-01,2022-2024,0.0492333767070269,0.0350596860216191,0.2225023985303446,0.5192418124719606,0.0329731659471641,0.0858549170555608,-0.0433339735298801,0.1291888905854409,0.082240973295498,0.8646028223560718,-1.75807616114756
ridge,20,none,none,equal,10,-0.0116305706742018,0.0338324800588384,-0.3288824638808499,-0.4928797065050661,-0.0655614857389588,0.0219445476190476,0.0257909677419354,9994.0,-0.0045526220372139,38,2014-01-02..2022-12-01,2022-2024,0.0492333767070269,0.0350596860216191,0.2225023985303446,0.5192418124719606,0.0329731659471641,0.0858549170555608,-0.0433339735298801,0.1291888905854409,0.082240973295498,0.8646028223560718,-1.75807616114756
ridge,20,none,none,inverse_volatility,10,-0.0116305706742018,0.0338324800588384,-0.3288824638808498,-0.4928797065050661,-0.0655614857389588,0.0219445476190476,0.0257909677419354,9994.0,-0.004552622037214,38,2014-01-02..2022-12-01,2022-2024,0.0492333767070269,0.0350596860216191,0.2225023985303446,0.5192418124719606,0.0329731659471641,0.0858549170555608,-0.0433339735298801,0.1291888905854409,0.082240973295498,0.8646028223560718,-1.75807616114756
ridge,20,hard,none,equal,10,-0.0028705147690308,0.0062633375879275,-0.4558331107278174,-0.6265745971776374,-0.0132519641222694,0.0040182539682539,0.0047225806451612,1830.0,-0.001566819062631,38,2014-01-02..2022-12-01,2022-2024,0.0492333767070269,0.0350596860216191,0.2225023985303446,0.5192418124719606,0.0329731659471641,0.0858549170555608,-0.0433339735298801,0.1291888905854409,0.082240973295498,0.8545723565344552,-1.8281028312127565
ridge,20,hard,none,inverse_volatility,10,-0.0028705147690308,0.0062633375879275,-0.4558331107278175,-0.6265745971776376,-0.0132519641222694,0.0040182539682539,0.0047225806451612,1830.0,-0.001566819062631,38,2014-01-02..2022-12-01,2022-2024,0.0492333767070269,0.0350596860216191,0.2225023985303446,0.5192418124719606,0.0329731659471641,0.0858549170555608,-0.0433339735298801,0.1291888905854409,0.082240973295498,0.8545723565344552,-1.8281028312127567
ridge,20,hard,none,prediction_magnitude,10,-0.0028705147690308,0.0062633375879275,-0.4558331107278175,-0.6265745971776376,-0.0132519641222694,0.0040182539682539,0.0047225806451612,1830.0,-0.001566819062631,38,2014-01-02..2022-12-01,2022-2024,0.0492333767070269,0.0350596860216191,0.2225023985303446,0.5192418124719606,0.0329731659471641,0.0858549170555608,-0.0433339735298801,0.1291888905854409,0.082240973295498,0.8545723565344552,-1.8281028312127567
xgboost,20,hard,none,prediction_magnitude,10,-0.0038960918846798,0.0048876745643875,-0.7962357184312873,-1.0512823769294524,-0.0177474577129094,0.0036006944444444,0.0042322580645161,1640.0,-0.002729147518806,38,2014-01-02..2022-12-01,2022-2024,0.0412798596932383,0.0309283558458821,0.2087367266487672,0.519537909376402,0.0381151590421837,0.0578457832789327,-0.0482826993501052,0.1061121667836246,0.0809258534717403,0.9812924038796024,-2.3103833061623718
xgboost,20,hard,none,inverse_volatility,10,-0.0038960918846798,0.0048876745643875,-0.7962357184312873,-1.0512823769294524,-0.0177474577129094,0.0036006944444444,0.0042322580645161,1640.0,-0.002729147518806,38,2014-01-02..2022-12-01,2022-2024,0.0412798596932383,0.0309283558458821,0.2087367266487672,0.519537909376402,0.0381151590421837,0.0578457832789327,-0.0482826993501052,0.1061121667836246,0.0809258534717403,0.9812924038796024,-2.3103833061623718
xgboost,20,hard,none,equal,10,-0.0038960918846798,0.0048876745643875,-0.7962357184312872,-1.051282376929452,-0.0177474577129094,0.0036006944444444,0.0042322580645161,1640.0,-0.002729147518806,38,2014-01-02..2022-12-01,2022-2024,0.0412798596932383,0.0309283558458821,0.2087367266487672,0.519537909376402,0.0381151590421837,0.0578457832789327,-0.0482826993501052,0.1061121667836246,0.0809258534717403,0.9812924038796024,-2.3103833061623718
xgboost,20,none,none,equal,10,-0.0204067219432712,0.028671653387184,-0.7047516527744677,-1.0189648544045924,-0.1073089615106839,0.0215539841269841,0.0253316129032258,9816.0,-0.013516686912338,38,2014-01-02..2022-12-01,2022-2024,0.0412798596932383,0.0309283558458821,0.2087367266487672,0.519537909376402,0.0381151590421837,0.0578457832789327,-0.0482826993501052,0.1061121667836246,0.0809258534717403,1.002271025820252,-2.31581533527236
xgboost,20,none,none,prediction_magnitude,10,-0.0204067219432712,0.028671653387184,-0.7047516527744677,-1.0189648544045922,-0.1073089615106839,0.0215539841269841,0.0253316129032258,9816.0,-0.013516686912338,38,2014-01-02..2022-12-01,2022-2024,0.0412798596932383,0.0309283558458821,0.2087367266487672,0.519537909376402,0.0381151590421837,0.0578457832789327,-0.0482826993501052,0.1061121667836246,0.0809258534717403,1.0022710258202525,-2.3158153352723603
xgboost,20,none,none,inverse_volatility,10,-0.0204067219432712,0.028671653387184,-0.7047516527744677,-1.0189648544045922,-0.1073089615106839,0.0215539841269841,0.0253316129032258,9816.0,-0.013516686912338,38,2014-01-02..2022-12-01,2022-2024,0.0412798596932383,0.0309283558458821,0.2087367266487672,0.519537909376402,0.0381151590421837,0.0578457832789327,-0.0482826993501052,0.1061121667836246,0.0809258534717403,1.0022710258202525,-2.3158153352723603
ridge,10,hard,none,equal,10,-0.0039770559306709,0.007245138311739,-0.5463995958186698,-0.729096407480678,-0.0170679373139489,0.0078400158730158,0.0096412903225806,1868.0,-0.001434642799504,38,2014-01-02..2022-12-15,2022-2024,0.0366674042751813,0.0255858311870333,0.1552532110222912,0.5114625392552714,0.0144130945265481,0.046981387369765,-0.0316836965721317,0.0786650839418968,0.062484103821621,1.5059702710254528,-2.3262278689464653
ridge,10,hard,none,inverse_volatility,10,-0.0039770559306709,0.007245138311739,-0.5463995958186697,-0.7290964074806779,-0.0170679373139489,0.0078400158730158,0.0096412903225806,1868.0,-0.001434642799504,38,2014-01-02..2022-12-15,2022-2024,0.0366674042751813,0.0255858311870333,0.1552532110222912,0.5114625392552714,0.0144130945265481,0.046981387369765,-0.0316836965721317,0.0786650839418968,0.062484103821621,1.5059702710254532,-2.3262278689464653
ridge,10,hard,none,prediction_magnitude,10,-0.0039770559306709,0.007245138311739,-0.5463995958186697,-0.7290964074806779,-0.0170679373139489,0.0078400158730158,0.0096412903225806,1868.0,-0.001434642799504,38,2014-01-02..2022-12-15,2022-2024,0.0366674042751813,0.0255858311870333,0.1552532110222912,0.5114625392552714,0.0144130945265481,0.046981387369765,-0.0316836965721317,0.0786650839418968,0.062484103821621,1.5059702710254532,-2.3262278689464653
lightgbm,20,none,none,inverse_volatility,10,-0.0190223920878073,0.0263296028340232,-0.7162520916270929,-1.008807141961162,-0.0988584230875405,0.0216149444444444,0.0254038709677419,9844.0,-0.0121030628958561,38,2014-01-02..2022-12-01,2022-2024,0.0392639126432119,0.0294206044295807,0.199250374700453,0.5182907133243607,0.0360953123409717,0.0576504272984348,-0.0429882225326078,0.1006261567200982,0.0808460160571573,1.0944486611574415,-2.3809692073249002
lightgbm,20,none,none,prediction_magnitude,10,-0.0190223920878073,0.0263296028340232,-0.7162520916270929,-1.008807141961162,-0.0988584230875405,0.0216149444444444,0.0254038709677419,9844.0,-0.0121030628958561,38,2014-01-02..2022-12-01,2022-2024,0.0392639126432119,0.0294206044295807,0.199250374700453,0.5182907133243607,0.0360953123409717,0.0576504272984348,-0.0429882225326078,0.1006261567200982,0.0808460160571573,1.0944486611574415,-2.3809692073249002
lightgbm,20,none,none,equal,10,-0.0190223920878073,0.0263296028340232,-0.7162520916270932,-1.0088071419611624,-0.0988584230875405,0.0216149444444444,0.0254038709677419,9844.0,-0.0121030628958559,38,2014-01-02..2022-12-01,2022-2024,0.0392639126432119,0.0294206044295807,0.199250374700453,0.5182907133243607,0.0360953123409717,0.0576504272984348,-0.0429882225326078,0.1006261567200982,0.0808460160571573,1.0944486611574415,-2.3809692073249007
ridge,10,none,none,equal,10,-0.0197998932251256,0.0338685031114771,-0.5735433231333319,-0.8880386307632021,-0.0805249825448096,0.0412327063492063,0.0507045161290322,9824.0,-0.0065689154445935,38,2014-01-02..2022-12-15,2022-2024,0.0366674042751813,0.0255858311870333,0.1552532110222912,0.5114625392552714,0.0144130945265481,0.046981387369765,-0.0316836965721317,0.0786650839418968,0.062484103821621,1.6977932276719543,-2.468890703234259
ridge,10,none,none,prediction_magnitude,10,-0.0197998932251256,0.0338685031114771,-0.5735433231333317,-0.8880386307632017,-0.0805249825448096,0.0412327063492063,0.0507045161290322,9824.0,-0.0065689154445934,38,2014-01-02..2022-12-15,2022-2024,0.0366674042751813,0.0255858311870333,0.1552532110222912,0.5114625392552714,0.0144130945265481,0.046981387369765,-0.0316836965721317,0.0786650839418968,0.062484103821621,1.6977932276719547,-2.468890703234259
ridge,10,none,none,inverse_volatility,10,-0.0197998932251256,0.0338685031114771,-0.5735433231333317,-0.8880386307632017,-0.0805249825448096,0.0412327063492063,0.0507045161290322,9824.0,-0.0065689154445934,38,2014-01-02..2022-12-15,2022-2024,0.0366674042751813,0.0255858311870333,0.1552532110222912,0.5114625392552714,0.0144130945265481,0.046981387369765,-0.0316836965721317,0.0786650839418968,0.062484103821621,1.6977932276719547,-2.468890703234259
lightgbm,20,hard,none,equal,10,-0.0052205686141225,0.0048786933977619,-1.0704307148915644,-1.4801311790279033,-0.0218237672149693,0.0036364444444444,0.0042735483870967,1656.0,-0.0040435925579891,38,2014-01-02..2022-12-01,2022-2024,0.0392639126432119,0.0294206044295807,0.199250374700453,0.5182907133243607,0.0360953123409717,0.0576504272984348,-0.0429882225326078,0.1006261567200982,0.0808460160571573,0.9926884984482169,-2.63056010178143
lightgbm,20,hard,none,inverse_volatility,10,-0.0052205686141225,0.0048786933977619,-1.0704307148915644,-1.4801311790279033,-0.0218237672149693,0.0036364444444444,0.0042735483870967,1656.0,-0.0040435925579891,38,2014-01-02..2022-12-01,2022-2024,0.0392639126432119,0.0294206044295807,0.199250374700453,0.5182907133243607,0.0360953123409717,0.0576504272984348,-0.0429882225326078,0.1006261567200982,0.0808460160571573,0.9926884984482169,-2.63056010178143
lightgbm,20,hard,none,prediction_magnitude,10,-0.0052205686141225,0.0048786933977619,-1.0704307148915644,-1.4801311790279033,-0.0218237672149693,0.0036364444444444,0.0042735483870967,1656.0,-0.0040435925579891,38,2014-01-02..2022-12-01,2022-2024,0.0392639126432119,0.0294206044295807,0.199250374700453,0.5182907133243607,0.0360953123409717,0.0576504272984348,-0.0429882225326078,0.1006261567200982,0.0808460160571573,0.9926884984482169,-2.63056010178143
lightgbm,10,none,none,equal,10,-0.020721186151289,0.0288917805284349,-0.710278599078587,-1.0772927146207545,-0.0933757798081397,0.0353135,0.0434270967741935,8414.0,-0.0094108830361404,38,2014-01-02..2022-12-15,2022-2024,0.0332594655604296,0.0221638295786005,0.1473091351676146,0.5128084342754599,0.0168142800184146,0.0385148712212238,-0.029408518604157,0.0678101190918775,0.0631807481110582,1.701889292018429,-2.6694372337402865
lightgbm,10,none,none,inverse_volatility,10,-0.0207211861512891,0.0288917805284349,-0.7102785990785869,-1.0772927146207545,-0.0933757798081399,0.0353135,0.0434270967741935,8414.0,-0.0094108830361403,38,2014-01-02..2022-12-15,2022-2024,0.0332594655604296,0.0221638295786005,0.1473091351676146,0.5128084342754599,0.0168142800184146,0.0385148712212238,-0.029408518604157,0.0678101190918775,0.0631807481110582,1.701889292018429,-2.6694372337402865
lightgbm,10,none,none,prediction_magnitude,10,-0.0207211861512891,0.0288917805284349,-0.7102785990785869,-1.0772927146207545,-0.0933757798081399,0.0353135,0.0434270967741935,8414.0,-0.0094108830361403,38,2014-01-02..2022-12-15,2022-2024,0.0332594655604296,0.0221638295786005,0.1473091351676146,0.5128084342754599,0.0168142800184146,0.0385148712212238,-0.029408518604157,0.0678101190918775,0.0631807481110582,1.701889292018429,-2.6694372337402865
xgboost,10,none,none,equal,10,-0.0223645739919208,0.0281543374393168,-0.7892786624047171,-1.1899745694778283,-0.0952577365100552,0.0352376904761904,0.0433341935483871,8396.0,-0.0110975438015624,38,2014-01-02..2022-12-15,2022-2024,0.0328218182595316,0.0225157894468577,0.1442424615486032,0.5124001794526694,0.0190643517361237,0.0492109584765728,-0.0324758651646308,0.0817047412066227,0.0617374410138507,1.7423327750497113,-2.769487347353367
xgboost,10,none,none,inverse_volatility,10,-0.0223645739919208,0.0281543374393168,-0.7892786624047171,-1.1899745694778283,-0.0952577365100552,0.0352376904761904,0.0433341935483871,8396.0,-0.0110975438015623,38,2014-01-02..2022-12-15,2022-2024,0.0328218182595316,0.0225157894468577,0.1442424615486032,0.5124001794526694,0.0190643517361237,0.0492109584765728,-0.0324758651646308,0.0817047412066227,0.0617374410138507,1.7423327750497113,-2.769487347353367
xgboost,10,none,none,prediction_magnitude,10,-0.0223645739919208,0.0281543374393168,-0.7892786624047171,-1.1899745694778283,-0.0952577365100552,0.0352376904761904,0.0433341935483871,8396.0,-0.0110975438015623,38,2014-01-02..2022-12-15,2022-2024,0.0328218182595316,0.0225157894468577,0.1442424615486032,0.5124001794526694,0.0190643517361237,0.0492109584765728,-0.0324758651646308,0.0817047412066227,0.0617374410138507,1.7423327750497113,-2.769487347353367
ridge,5,hard,none,equal,10,-0.0038889093086378,0.0071573871770488,-0.5408225908186647,-0.7111738840261241,-0.0187146345425605,0.0140348095238095,0.0176722580645161,1712.0,0.0006673633010909,38,2014-01-02..2022-12-22,2022-2024,0.0275511031923085,0.0201565786604834,0.113545257964014,0.5067698519515478,0.0090420935488611,0.0203629563144969,-0.0330650927814727,0.0534280490959696,0.0442892864094248,2.7872879329132076,-2.7998141729542905
ridge,5,hard,none,inverse_volatility,10,-0.0038889093086378,0.0071573871770488,-0.5408225908186647,-0.7111738840261241,-0.0187146345425605,0.0140348095238095,0.0176722580645161,1712.0,0.0006673633010909,38,2014-01-02..2022-12-22,2022-2024,0.0275511031923085,0.0201565786604834,0.113545257964014,0.5067698519515478,0.0090420935488611,0.0203629563144969,-0.0330650927814727,0.0534280490959696,0.0442892864094248,2.7872879329132076,-2.7998141729542905
ridge,5,hard,none,prediction_magnitude,10,-0.0038889093086378,0.0071573871770488,-0.5408225908186647,-0.7111738840261241,-0.0187146345425605,0.0140348095238095,0.0176722580645161,1712.0,0.0006673633010909,38,2014-01-02..2022-12-22,2022-2024,0.0275511031923085,0.0201565786604834,0.113545257964014,0.5067698519515478,0.0090420935488611,0.0203629563144969,-0.0330650927814727,0.0534280490959696,0.0442892864094248,2.7872879329132076,-2.7998141729542905
lightgbm,10,hard,none,prediction_magnitude,10,-0.0052865871930366,0.0052507495931927,-1.0068633362857968,-1.362523825955587,-0.0189389637294559,0.0067994047619047,0.0083612903225806,1620.0,-0.0030848928748787,38,2014-01-02..2022-12-15,2022-2024,0.0332594655604296,0.0221638295786005,0.1473091351676146,0.5128084342754599,0.0168142800184146,0.0385148712212238,-0.029408518604157,0.0678101190918775,0.0631807481110582,1.797881841651816,-2.9120767116319977
lightgbm,10,hard,none,equal,10,-0.0052865871930366,0.0052507495931927,-1.0068633362857968,-1.362523825955587,-0.0189389637294559,0.0067994047619047,0.0083612903225806,1620.0,-0.0030848928748787,38,2014-01-02..2022-12-15,2022-2024,0.0332594655604296,0.0221638295786005,0.1473091351676146,0.5128084342754599,0.0168142800184146,0.0385148712212238,-0.029408518604157,0.0678101190918775,0.0631807481110582,1.797881841651816,-2.9120767116319977
lightgbm,10,hard,none,inverse_volatility,10,-0.0052865871930366,0.0052507495931927,-1.0068633362857968,-1.362523825955587,-0.0189389637294559,0.0067994047619047,0.0083612903225806,1620.0,-0.0030848928748787,38,2014-01-02..2022-12-15,2022-2024,0.0332594655604296,0.0221638295786005,0.1473091351676146,0.5128084342754599,0.0168142800184146,0.0385148712212238,-0.029408518604157,0.0678101190918775,0.0631807481110582,1.797881841651816,-2.9120767116319977
random_forest,5,hard,none,equal,10,-0.0043894473537063,0.0060299072048353,-0.7265307577787938,-0.8900353751064636,-0.0221955074803836,0.0103783968253968,0.0130683870967741,1266.0,-0.0010237984741242,38,2014-01-02..2022-12-22,2022-2024,0.0246440393467664,0.0212006023066901,0.0967252746915958,0.5077972184836249,0.0132484813252724,0.0329350217689967,-0.0292934124997362,0.0622284342687329,0.0477482034337743,2.4123878509794126,-2.9609873272966265
random_forest,5,hard,none,prediction_magnitude,10,-0.0043894473537063,0.0060299072048353,-0.7265307577787942,-0.8900353751064639,-0.0221955074803836,0.0103783968253968,0.0130683870967741,1266.0,-0.0010237984741242,38,2014-01-02..2022-12-22,2022-2024,0.0246440393467664,0.0212006023066901,0.0967252746915958,0.5077972184836249,0.0132484813252724,0.0329350217689967,-0.0292934124997362,0.0622284342687329,0.0477482034337743,2.4123878509794126,-2.960987327296627
random_forest,5,hard,none,inverse_volatility,10,-0.0043894473537063,0.0060299072048353,-0.7265307577787942,-0.8900353751064639,-0.0221955074803836,0.0103783968253968,0.0130683870967741,1266.0,-0.0010237984741242,38,2014-01-02..2022-12-22,2022-2024,0.0246440393467664,0.0212006023066901,0.0967252746915958,0.5077972184836249,0.0132484813252724,0.0329350217689967,-0.0292934124997362,0.0622284342687329,0.0477482034337743,2.4123878509794126,-2.960987327296627
lightgbm,5,hard,none,equal,10,-0.0036892910277817,0.0057161264230006,-0.6437523474085909,-0.8919919328629028,-0.0166715926251894,0.0124443968253968,0.0156696774193548,1518.0,0.0003504401448348,38,2014-01-02..2022-12-22,2022-2024,0.0273590879195363,0.0219050259166912,0.1148051102543966,0.5073037236428892,0.0137183971033646,0.0284443684251053,-0.0332020967672735,0.0616772079273722,0.0457391011618939,3.077552282641558,-2.973916979893843
lightgbm,5,hard,none,inverse_volatility,10,-0.0036892910277817,0.0057161264230006,-0.6437523474085909,-0.8919919328629028,-0.0166715926251894,0.0124443968253968,0.0156696774193548,1518.0,0.0003504401448348,38,2014-01-02..2022-12-22,2022-2024,0.0273590879195363,0.0219050259166912,0.1148051102543966,0.5073037236428892,0.0137183971033646,0.0284443684251053,-0.0332020967672735,0.0616772079273722,0.0457391011618939,3.077552282641558,-2.973916979893843
lightgbm,5,hard,none,prediction_magnitude,10,-0.0036892910277817,0.0057161264230006,-0.6437523474085909,-0.8919919328629028,-0.0166715926251894,0.0124443968253968,0.0156696774193548,1518.0,0.0003504401448348,38,2014-01-02..2022-12-22,2022-2024,0.0273590879195363,0.0219050259166912,0.1148051102543966,0.5073037236428892,0.0137183971033646,0.0284443684251053,-0.0332020967672735,0.0616772079273722,0.0457391011618939,3.077552282641558,-2.973916979893843
elastic_net,5,hard,none,equal,10,-0.0056687400234762,0.0072487804128249,-0.7806226622511829,-1.0126778866364603,-0.0212122636493216,0.0140348095238095,0.0176722580645161,1712.0,-0.001120561766854,38,2014-01-02..2022-12-22,2022-2024,0.0280438139158627,0.0205379791432607,0.1144534766674578,0.5072543741588156,0.0092635432209172,0.0245603995614336,-0.0305593681409777,0.0551197677024114,0.0448184201435267,2.7478541840289705,-3.0260390253641827
elastic_net,5,hard,none,prediction_magnitude,10,-0.0056687400234762,0.0072487804128249,-0.7806226622511829,-1.0126778866364603,-0.0212122636493216,0.0140348095238095,0.0176722580645161,1712.0,-0.001120561766854,38,2014-01-02..2022-12-22,2022-2024,0.0280438139158627,0.0205379791432607,0.1144534766674578,0.5072543741588156,0.0092635432209172,0.0245603995614336,-0.0305593681409777,0.0551197677024114,0.0448184201435267,2.7478541840289705,-3.0260390253641827
elastic_net,5,hard,none,inverse_volatility,10,-0.0056687400234762,0.0072487804128249,-0.7806226622511829,-1.0126778866364603,-0.0212122636493216,0.0140348095238095,0.0176722580645161,1712.0,-0.001120561766854,38,2014-01-02..2022-12-22,2022-2024,0.0280438139158627,0.0205379791432607,0.1144534766674578,0.5072543741588156,0.0092635432209172,0.0245603995614336,-0.0305593681409777,0.0551197677024114,0.0448184201435267,2.7478541840289705,-3.0260390253641827
xgboost,10,hard,none,equal,10,-0.0060126875671827,0.0053066135434937,-1.1338120571570598,-1.5536284529880278,-0.0214282504803566,0.0065978809523809,0.0081135483870967,1572.0,-0.0038778747550668,38,2014-01-02..2022-12-15,2022-2024,0.0328218182595316,0.0225157894468577,0.1442424615486032,0.5124001794526694,0.0190643517361237,0.0492109584765728,-0.0324758651646308,0.0817047412066227,0.0617374410138507,1.7277301610224456,-3.0330185380530654
xgboost,10,hard,none,inverse_volatility,10,-0.0060126875671827,0.0053066135434937,-1.1338120571570598,-1.5536284529880278,-0.0214282504803566,0.0065978809523809,0.0081135483870967,1572.0,-0.0038778747550668,38,2014-01-02..2022-12-15,2022-2024,0.0328218182595316,0.0225157894468577,0.1442424615486032,0.5124001794526694,0.0190643517361237,0.0492109584765728,-0.0324758651646308,0.0817047412066227,0.0617374410138507,1.7277301610224454,-3.0330185380530654
xgboost,10,hard,none,prediction_magnitude,10,-0.0060126875671827,0.0053066135434937,-1.1338120571570598,-1.5536284529880278,-0.0214282504803566,0.0065978809523809,0.0081135483870967,1572.0,-0.0038778747550668,38,2014-01-02..2022-12-15,2022-2024,0.0328218182595316,0.0225157894468577,0.1442424615486032,0.5124001794526694,0.0190643517361237,0.0492109584765728,-0.0324758651646308,0.0817047412066227,0.0617374410138507,1.7277301610224454,-3.0330185380530654
lightgbm,5,none,none,equal,10,-0.0173167794449571,0.0254177010145573,-0.674539116049927,-0.9908172580501792,-0.0845074023923094,0.0547127142857142,0.0688929032258064,6674.0,0.0003233466990291,38,2014-01-02..2022-12-22,2022-2024,0.0273590879195363,0.0219050259166912,0.1148051102543966,0.5073037236428892,0.0137183971033646,0.0284443684251053,-0.0332020967672735,0.0616772079273722,0.0457391011618939,3.052880306938667,-3.0716938869572212
lightgbm,5,none,none,prediction_magnitude,10,-0.0173167794449571,0.0254177010145573,-0.6745391160499271,-0.9908172580501792,-0.0845074023923094,0.0547127142857142,0.0688929032258064,6674.0,0.0003233466990291,38,2014-01-02..2022-12-22,2022-2024,0.0273590879195363,0.0219050259166912,0.1148051102543966,0.5073037236428892,0.0137183971033646,0.0284443684251053,-0.0332020967672735,0.0616772079273722,0.0457391011618939,3.052880306938668,-3.071693886957222
lightgbm,5,none,none,inverse_volatility,10,-0.0173167794449571,0.0254177010145573,-0.6745391160499271,-0.9908172580501792,-0.0845074023923094,0.0547127142857142,0.0688929032258064,6674.0,0.0003233466990291,38,2014-01-02..2022-12-22,2022-2024,0.0273590879195363,0.0219050259166912,0.1148051102543966,0.5073037236428892,0.0137183971033646,0.0284443684251053,-0.0332020967672735,0.0616772079273722,0.0457391011618939,3.052880306938668,-3.071693886957222
random_forest,5,none,none,equal,10,-0.0176975785385691,0.0237520414877532,-0.7398809447432733,-1.0608407523569725,-0.0721521827952059,0.0459562539682539,0.0578683870967742,5606.0,-0.0029073755607672,38,2014-01-02..2022-12-22,2022-2024,0.0246440393467664,0.0212006023066901,0.0967252746915958,0.5077972184836249,0.0132484813252724,0.0329350217689967,-0.0292934124997362,0.0622284342687329,0.0477482034337743,2.743135857237159,-3.111461191140365
random_forest,5,none,none,inverse_volatility,10,-0.0176975785385691,0.0237520414877532,-0.7398809447432734,-1.0608407523569725,-0.0721521827952059,0.0459562539682539,0.0578683870967742,5606.0,-0.0029073755607672,38,2014-01-02..2022-12-22,2022-2024,0.0246440393467664,0.0212006023066901,0.0967252746915958,0.5077972184836249,0.0132484813252724,0.0329350217689967,-0.0292934124997362,0.0622284342687329,0.0477482034337743,2.743135857237159,-3.111461191140365
random_forest,5,none,none,prediction_magnitude,10,-0.0176975785385691,0.0237520414877532,-0.7398809447432734,-1.0608407523569725,-0.0721521827952059,0.0459562539682539,0.0578683870967742,5606.0,-0.0029073755607672,38,2014-01-02..2022-12-22,2022-2024,0.0246440393467664,0.0212006023066901,0.0967252746915958,0.5077972184836249,0.0132484813252724,0.0329350217689967,-0.0292934124997362,0.0622284342687329,0.0477482034337743,2.743135857237159,-3.111461191140365
xgboost,5,hard,none,prediction_magnitude,10,-0.00551268272764,0.0056298855779427,-0.9790688642594764,-1.3555720703337697,-0.0199454654825884,0.0119196984126984,0.0150090322580645,1454.0,-0.0016506451688658,38,2014-01-02..2022-12-22,2022-2024,0.0245503334968313,0.0172781437602604,0.1031142512347527,0.507200538358008,0.0110753674896461,0.0189781805475135,-0.0272204802070388,0.0461884273564795,0.0458827334674167,2.9821193657427667,-3.340195970433161
xgboost,5,hard,none,inverse_volatility,10,-0.00551268272764,0.0056298855779427,-0.9790688642594764,-1.3555720703337697,-0.0199454654825884,0.0119196984126984,0.0150090322580645,1454.0,-0.0016506451688658,38,2014-01-02..2022-12-22,2022-2024,0.0245503334968313,0.0172781437602604,0.1031142512347527,0.507200538358008,0.0110753674896461,0.0189781805475135,-0.0272204802070388,0.0461884273564795,0.0458827334674167,2.9821193657427667,-3.340195970433161
xgboost,5,hard,none,equal,10,-0.00551268272764,0.0056298855779427,-0.9790688642594764,-1.3555720703337697,-0.0199454654825884,0.0119196984126984,0.0150090322580645,1454.0,-0.0016506451688658,38,2014-01-02..2022-12-22,2022-2024,0.0245503334968313,0.0172781437602604,0.1031142512347527,0.507200538358008,0.0110753674896461,0.0189781805475135,-0.0272204802070388,0.0461884273564795,0.0458827334674167,2.9821193657427667,-3.340195970433161
xgboost,5,none,none,prediction_magnitude,10,-0.0243896486010668,0.0255796488365525,-0.9524766494022144,-1.3921727710531684,-0.1004350675649803,0.0548438888888888,0.069058064516129,6690.0,-0.0068335720273787,38,2014-01-02..2022-12-22,2022-2024,0.0245503334968313,0.0172781437602604,0.1031142512347527,0.507200538358008,0.0110753674896461,0.0189781805475135,-0.0272204802070388,0.0461884273564795,0.0458827334674167,3.0378829527011724,-3.4134391576236993
xgboost,5,none,none,inverse_volatility,10,-0.0243896486010668,0.0255796488365525,-0.9524766494022144,-1.3921727710531684,-0.1004350675649803,0.0548438888888888,0.069058064516129,6690.0,-0.0068335720273787,38,2014-01-02..2022-12-22,2022-2024,0.0245503334968313,0.0172781437602604,0.1031142512347527,0.507200538358008,0.0110753674896461,0.0189781805475135,-0.0272204802070388,0.0461884273564795,0.0458827334674167,3.0378829527011724,-3.4134391576236993
xgboost,5,none,none,equal,10,-0.0243896486010668,0.0255796488365525,-0.9524766494022144,-1.392172771053168,-0.1004350675649803,0.0548438888888888,0.069058064516129,6690.0,-0.0068335720273787,38,2014-01-02..2022-12-22,2022-2024,0.0245503334968313,0.0172781437602604,0.1031142512347527,0.507200538358008,0.0110753674896461,0.0189781805475135,-0.0272204802070388,0.0461884273564795,0.0458827334674167,3.037882952701173,-3.4134391576236993
elastic_net,5,none,none,inverse_volatility,10,-0.0317268349744439,0.0308018411625966,-1.03127769541573,-1.5796200849420077,-0.108363382852994,0.0717312698412698,0.0903225806451613,8750.0,-0.008875298921543,38,2014-01-02..2022-12-22,2022-2024,0.0280438139158627,0.0205379791432607,0.1144534766674578,0.5072543741588156,0.0092635432209172,0.0245603995614336,-0.0305593681409777,0.0551197677024114,0.0448184201435267,3.3211975218337533,-3.5144460444416623
elastic_net,5,none,none,prediction_magnitude,10,-0.0317268349744439,0.0308018411625966,-1.03127769541573,-1.5796200849420077,-0.108363382852994,0.0717312698412698,0.0903225806451613,8750.0,-0.008875298921543,38,2014-01-02..2022-12-22,2022-2024,0.0280438139158627,0.0205379791432607,0.1144534766674578,0.5072543741588156,0.0092635432209172,0.0245603995614336,-0.0305593681409777,0.0551197677024114,0.0448184201435267,3.3211975218337533,-3.5144460444416623
elastic_net,5,none,none,equal,10,-0.0317268349744439,0.0308018411625966,-1.0312776954157303,-1.579620084942008,-0.108363382852994,0.0717312698412698,0.0903225806451612,8750.0,-0.008875298921543,38,2014-01-02..2022-12-22,2022-2024,0.0280438139158627,0.0205379791432607,0.1144534766674578,0.5072543741588156,0.0092635432209172,0.0245603995614336,-0.0305593681409777,0.0551197677024114,0.0448184201435267,3.3211975218337533,-3.514446044441663
ridge,5,none,none,prediction_magnitude,10,-0.031896883282882,0.0308388997597952,-1.0356957470680206,-1.5853096321249924,-0.1099236643562512,0.0720100158730158,0.0906735483870967,8784.0,-0.008959537964059,38,2014-01-02..2022-12-22,2022-2024,0.0275511031923085,0.0201565786604834,0.113545257964014,0.5067698519515478,0.0090420935488611,0.0203629563144969,-0.0330650927814727,0.0534280490959696,0.0442892864094248,3.330269257077899,-3.528941819090768
ridge,5,none,none,equal,10,-0.031896883282882,0.0308388997597952,-1.0356957470680206,-1.5853096321249924,-0.1099236643562512,0.0720100158730158,0.0906735483870967,8784.0,-0.008959537964059,38,2014-01-02..2022-12-22,2022-2024,0.0275511031923085,0.0201565786604834,0.113545257964014,0.5067698519515478,0.0090420935488611,0.0203629563144969,-0.0330650927814727,0.0534280490959696,0.0442892864094248,3.330269257077899,-3.528941819090768
ridge,5,none,none,inverse_volatility,10,-0.031896883282882,0.0308388997597952,-1.0356957470680206,-1.5853096321249924,-0.1099236643562512,0.0720100158730158,0.0906735483870967,8784.0,-0.008959537964059,38,2014-01-02..2022-12-22,2022-2024,0.0275511031923085,0.0201565786604834,0.113545257964014,0.5067698519515478,0.0090420935488611,0.0203629563144969,-0.0330650927814727,0.0534280490959696,0.0442892864094248,3.330269257077899,-3.528941819090768
ridge,1,hard,none,equal,10,-0.0121930423803211,0.006854749857136,-1.7862393067378626,-2.1657296121011025,-0.0408940952632638,0.0441378571428571,0.0566709677419354,1098.0,0.0020865351388963,38,2014-01-02..2022-12-29,2022-2024,0.0104623271049654,0.0083751199908012,0.0526932682348342,0.5026334679228354,-0.0022267919079263,-0.0035254959500281,-0.0221253501950653,0.0185998542450372,0.0242484060961876,8.584007322218522,-5.793040927906816
ridge,1,hard,none,prediction_magnitude,10,-0.0121930423803211,0.006854749857136,-1.7862393067378626,-2.1657296121011025,-0.0408940952632638,0.0441378571428571,0.0566709677419354,1098.0,0.0020865351388963,38,2014-01-02..2022-12-29,2022-2024,0.0104623271049654,0.0083751199908012,0.0526932682348342,0.5026334679228354,-0.0022267919079263,-0.0035254959500281,-0.0221253501950653,0.0185998542450372,0.0242484060961876,8.584007322218522,-5.793040927906816
ridge,1,hard,none,inverse_volatility,10,-0.0121930423803211,0.006854749857136,-1.7862393067378626,-2.1657296121011025,-0.0408940952632638,0.0441378571428571,0.0566709677419354,1098.0,0.0020865351388963,38,2014-01-02..2022-12-29,2022-2024,0.0104623271049654,0.0083751199908012,0.0526932682348342,0.5026334679228354,-0.0022267919079263,-0.0035254959500281,-0.0221253501950653,0.0185998542450372,0.0242484060961876,8.584007322218522,-5.793040927906816
xgboost,1,hard,none,prediction_magnitude,10,-0.0131393987884321,0.0065688294454105,-2.0101890485862275,-2.457144160378979,-0.0421221236819521,0.043253492063492,0.0555354838709677,1076.0,0.0008387855369604,38,2014-01-02..2022-12-29,2022-2024,0.0076647169017401,0.0058727012280628,0.0401662580693188,0.5052714221624046,-0.0064822095909206,-0.0061222886054988,-0.008234017949948,0.0021117293444492,0.0247430780361891,8.63077823407327,-6.083322672053744
xgboost,1,hard,none,inverse_volatility,10,-0.0131393987884321,0.0065688294454105,-2.0101890485862275,-2.457144160378979,-0.0421221236819521,0.043253492063492,0.0555354838709677,1076.0,0.0008387855369604,38,2014-01-02..2022-12-29,2022-2024,0.0076647169017401,0.0058727012280628,0.0401662580693188,0.5052714221624046,-0.0064822095909206,-0.0061222886054988,-0.008234017949948,0.0021117293444492,0.0247430780361891,8.63077823407327,-6.083322672053744
xgboost,1,hard,none,equal,10,-0.0131393987884321,0.0065688294454105,-2.0101890485862275,-2.457144160378979,-0.0421221236819521,0.043253492063492,0.0555354838709677,1076.0,0.0008387855369604,38,2014-01-02..2022-12-29,2022-2024,0.0076647169017401,0.0058727012280628,0.0401662580693188,0.5052714221624046,-0.0064822095909206,-0.0061222886054988,-0.008234017949948,0.0021117293444492,0.0247430780361891,8.63077823407327,-6.083322672053744
lightgbm,1,hard,none,prediction_magnitude,10,-0.0128887304611585,0.006231985565258,-2.0784358245682184,-2.537799604500836,-0.0418691202625007,0.0434946825396825,0.0558451612903225,1082.0,0.0011714353262739,38,2014-01-02..2022-12-29,2022-2024,0.0060914917039741,0.0041563905068359,0.0328072896201555,0.5052131000448632,-0.0059371540030412,-0.0037553563753129,-0.0109780619361988,0.0071926889046041,0.024391598722635,9.141295129525403,-6.309075345783685
lightgbm,1,hard,none,inverse_volatility,10,-0.0128887304611585,0.006231985565258,-2.0784358245682184,-2.537799604500836,-0.0418691202625007,0.0434946825396825,0.0558451612903225,1082.0,0.0011714353262739,38,2014-01-02..2022-12-29,2022-2024,0.0060914917039741,0.0041563905068359,0.0328072896201555,0.5052131000448632,-0.0059371540030412,-0.0037553563753129,-0.0109780619361988,0.0071926889046041,0.024391598722635,9.141295129525403,-6.309075345783685
lightgbm,1,hard,none,equal,10,-0.0128887304611585,0.006231985565258,-2.0784358245682184,-2.537799604500836,-0.0418691202625007,0.0434946825396825,0.0558451612903225,1082.0,0.0011714353262739,38,2014-01-02..2022-12-29,2022-2024,0.0060914917039741,0.0041563905068359,0.0328072896201555,0.5052131000448632,-0.0059371540030412,-0.0037553563753129,-0.0109780619361988,0.0071926889046041,0.024391598722635,9.141295129525403,-6.309075345783685
ridge,20,none,triple_barrier_lgbm_p>0.65,equal,10,1.3637015162659694e-05,0.0001159131577056773,0.11770568601691728,0.028303796348709748,-0.00023468943248139418,3.077777777777778e-05,1.0115606936416185e-05,14.0,1.6439100368748072e-05,38,2014-01-02..2022-12-01,2022-2024,0.0492333767070269,0.0350596860216191,0.2225023985303446,0.5192418124719606,0.0329731659471641,0.0858549170555608,-0.0433339735298801,0.1291888905854409,0.082240973295498,0.09938321235864815,-9.05227822723046
ridge,1,none,none,inverse_volatility,10,-0.0848039057459774,0.0220792655797806,-4.001847698163578,-5.906591284972958,-0.2461988442213951,0.2358038888888888,0.3027612903225806,5866.0,-0.0118569733809699,38,2014-01-02..2022-12-29,2022-2024,0.0104623271049654,0.0083751199908012,0.0526932682348342,0.5026334679228354,-0.0022267919079263,-0.0035254959500281,-0.0221253501950653,0.0185998542450372,0.0242484060961876,15.039533636725718,-9.852444679175527
ridge,1,none,none,equal,10,-0.0848039057459774,0.0220792655797806,-4.001847698163579,-5.906591284972958,-0.246198844221395,0.2358038888888888,0.3027612903225806,5866.0,-0.0118569733809699,38,2014-01-02..2022-12-29,2022-2024,0.0104623271049654,0.0083751199908012,0.0526932682348342,0.5026334679228354,-0.0022267919079263,-0.0035254959500281,-0.0221253501950653,0.0185998542450372,0.0242484060961876,15.039533636725718,-9.852444679175527
ridge,1,none,none,prediction_magnitude,10,-0.0848039057459774,0.0220792655797806,-4.001847698163578,-5.906591284972958,-0.2461988442213951,0.2358038888888888,0.3027612903225806,5866.0,-0.0118569733809699,38,2014-01-02..2022-12-29,2022-2024,0.0104623271049654,0.0083751199908012,0.0526932682348342,0.5026334679228354,-0.0022267919079263,-0.0035254959500281,-0.0221253501950653,0.0185998542450372,0.0242484060961876,15.039533636725718,-9.852444679175527
xgboost,1,none,none,prediction_magnitude,10,-0.0736233505851889,0.0190949221183937,-3.994812759582053,-5.630969298838762,-0.213370058660818,0.2157046825396825,0.2769548387096774,5366.0,-0.0063036678238359,38,2014-01-02..2022-12-29,2022-2024,0.0076647169017401,0.0058727012280628,0.0401662580693188,0.5052714221624046,-0.0064822095909206,-0.0061222886054988,-0.008234017949948,0.0021117293444492,0.0247430780361891,15.534791020581526,-9.98733945013937
xgboost,1,none,none,equal,10,-0.0736233505851889,0.0190949221183937,-3.994812759582053,-5.630969298838763,-0.213370058660818,0.2157046825396825,0.2769548387096774,5366.0,-0.0063036678238358,38,2014-01-02..2022-12-29,2022-2024,0.0076647169017401,0.0058727012280628,0.0401662580693188,0.5052714221624046,-0.0064822095909206,-0.0061222886054988,-0.008234017949948,0.0021117293444492,0.0247430780361891,15.534791020581519,-9.98733945013937
xgboost,1,none,none,inverse_volatility,10,-0.0736233505851889,0.0190949221183937,-3.994812759582053,-5.630969298838762,-0.213370058660818,0.2157046825396825,0.2769548387096774,5366.0,-0.0063036678238359,38,2014-01-02..2022-12-29,2022-2024,0.0076647169017401,0.0058727012280628,0.0401662580693188,0.5052714221624046,-0.0064822095909206,-0.0061222886054988,-0.008234017949948,0.0021117293444492,0.0247430780361891,15.534791020581526,-9.98733945013937
lightgbm,1,none,none,prediction_magnitude,10,-0.0718004471550129,0.0186224208708338,-3.991117200158104,-5.409422661764343,-0.208425489312232,0.2139359523809523,0.2746838709677419,5322.0,-0.0049205273369206,38,2014-01-02..2022-12-29,2022-2024,0.0060914917039741,0.0041563905068359,0.0328072896201555,0.5052131000448632,-0.0059371540030412,-0.0037553563753129,-0.0109780619361988,0.0071926889046041,0.024391598722635,15.62655638891758,-10.031512276239088
lightgbm,1,none,none,equal,10,-0.0718004471550129,0.0186224208708338,-3.991117200158104,-5.409422661764343,-0.2084254893122319,0.2139359523809523,0.2746838709677419,5322.0,-0.0049205273369206,38,2014-01-02..2022-12-29,2022-2024,0.0060914917039741,0.0041563905068359,0.0328072896201555,0.5052131000448632,-0.0059371540030412,-0.0037553563753129,-0.0109780619361988,0.0071926889046041,0.024391598722635,15.62655638891758,-10.031512276239088
lightgbm,1,none,none,inverse_volatility,10,-0.0718004471550129,0.0186224208708338,-3.991117200158104,-5.409422661764343,-0.208425489312232,0.2139359523809523,0.2746838709677419,5322.0,-0.0049205273369206,38,2014-01-02..2022-12-29,2022-2024,0.0060914917039741,0.0041563905068359,0.0328072896201555,0.5052131000448632,-0.0059371540030412,-0.0037553563753129,-0.0109780619361988,0.0071926889046041,0.024391598722635,15.62655638891758,-10.031512276239088
ridge,20,none,triple_barrier_lgbm_p>0.70,equal,10,0.0,0.0,0.0,,0.0,0.0,0.0,0.0,0.0,38,2014-01-02..2022-12-01,2022-2024,0.0492333767070269,0.0350596860216191,0.2225023985303446,0.5192418124719606,0.0329731659471641,0.0858549170555608,-0.0433339735298801,0.1291888905854409,0.082240973295498,0.0,-11.14490240916454
