date,symbol,predicted_alpha,prediction_rank,shadow_decision,decision,target_weight,research_gate
2026-08-31,MO,0.24313020172340422,1.0,NO_TRADE,NO_TRADE,0.0,FAIL
2026-08-31,PGR,0.24275357047731883,0.9966666666666667,NO_TRADE,NO_TRADE,0.0,FAIL
2026-08-31,CB,0.23102354655683985,0.9933333333333333,NO_TRADE,NO_TRADE,0.0,FAIL
2026-08-31,ALL,0.22350486995329852,0.99,NO_TRADE,NO_TRADE,0.0,FAIL
2026-08-31,WM,0.21809377054811402,0.9866666666666667,NO_TRADE,NO_TRADE,0.0,FAIL
2026-08-31,APA,0.21479277013897857,0.9833333333333333,NO_TRADE,NO_TRADE,0.0,FAIL
2026-08-31,MDLZ,0.21436812088841128,0.98,NO_TRADE,NO_TRADE,0.0,FAIL
2026-08-31,COP,0.21254780805206938,0.9766666666666667,NO_TRADE,NO_TRADE,0.0,FAIL
2026-08-31,VTR,0.21231939347261247,0.9733333333333334,NO_TRADE,NO_TRADE,0.0,FAIL
2026-08-31,ADP,0.2118315743516222,0.97,NO_TRADE,NO_TRADE,0.0,FAIL
2026-08-31,MRSH,0.2109402289355399,0.9666666666666667,NO_TRADE,NO_TRADE,0.0,FAIL
2026-08-31,ED,0.21026328358780358,0.9633333333333334,NO_TRADE,NO_TRADE,0.0,FAIL
2026-08-31,ABBV,0.20593360984708498,0.96,NO_TRADE,NO_TRADE,0.0,FAIL
2026-08-31,DVN,0.20307776331008773,0.9566666666666667,NO_TRADE,NO_TRADE,0.0,FAIL
2026-08-31,KR,0.20293748711528117,0.9533333333333334,NO_TRADE,NO_TRADE,0.0,FAIL
2026-08-31,MCK,0.20284820580203744,0.95,NO_TRADE,NO_TRADE,0.0,FAIL
2026-08-31,HIG,0.20188141085345354,0.9466666666666667,NO_TRADE,NO_TRADE,0.0,FAIL
2026-08-31,CCI,0.201715009880603,0.9433333333333334,NO_TRADE,NO_TRADE,0.0,FAIL
2026-08-31,EOG,0.2010576829267151,0.94,NO_TRADE,NO_TRADE,0.0,FAIL
2026-08-31,AON,0.19910517840342548,0.9366666666666666,NO_TRADE,NO_TRADE,0.0,FAIL
2026-08-31,CVX,0.19749180814773415,0.9333333333333333,NO_TRADE,NO_TRADE,0.0,FAIL
2026-08-31,EIX,0.19743395205257988,0.93,NO_TRADE,NO_TRADE,0.0,FAIL
2026-08-31,KO,0.19683478884174674,0.9266666666666666,NO_TRADE,NO_TRADE,0.0,FAIL
2026-08-31,JNJ,0.19656377202323577,0.9233333333333333,NO_TRADE,NO_TRADE,0.0,FAIL
2026-08-31,TJX,0.19590682727922287,0.92,NO_TRADE,NO_TRADE,0.0,FAIL
2026-08-31,LYB,0.19431306453312522,0.9166666666666666,NO_TRADE,NO_TRADE,0.0,FAIL
2026-08-31,AMT,0.19339843741033996,0.9133333333333333,NO_TRADE,NO_TRADE,0.0,FAIL
2026-08-31,XOM,0.19260396516317435,0.91,NO_TRADE,NO_TRADE,0.0,FAIL
2026-08-31,OXY,0.19239834378075937,0.9066666666666666,NO_TRADE,NO_TRADE,0.0,FAIL
2026-08-31,ACN,0.19141276337441626,0.9033333333333333,NO_TRADE,NO_TRADE,0.0,FAIL
2026-08-31,TSN,0.1910443767686146,0.9,NO_TRADE,NO_TRADE,0.0,FAIL
2026-08-31,WELL,0.18956084425114644,0.8966666666666666,NO_TRADE,NO_TRADE,0.0,FAIL
2026-08-31,VZ,0.18904074731293072,0.8933333333333333,NO_TRADE,NO_TRADE,0.0,FAIL
2026-08-31,SO,0.18874602161593,0.89,NO_TRADE,NO_TRADE,0.0,FAIL
2026-08-31,T,0.18635326017171522,0.8866666666666667,NO_TRADE,NO_TRADE,0.0,FAIL
2026-08-31,AFL,0.18624068032383745,0.8833333333333333,NO_TRADE,NO_TRADE,0.0,FAIL
2026-08-31,AAPL,0.18571135184093104,0.88,NO_TRADE,NO_TRADE,0.0,FAIL
2026-08-31,TRV,0.18321973100383687,0.8766666666666667,NO_TRADE,NO_TRADE,0.0,FAIL
2026-08-31,PAYX,0.18265006996009023,0.8733333333333333,NO_TRADE,NO_TRADE,0.0,FAIL
2026-08-31,CTSH,0.1815230489882387,0.87,NO_TRADE,NO_TRADE,0.0,FAIL
2026-08-31,EXC,0.1808967829523454,0.8666666666666667,NO_TRADE,NO_TRADE,0.0,FAIL
2026-08-31,AIG,0.18037484445766136,0.8633333333333333,NO_TRADE,NO_TRADE,0.0,FAIL
2026-08-31,DUK,0.1799843615078453,0.86,NO_TRADE,NO_TRADE,0.0,FAIL
2026-08-31,SBAC,0.17854867486598913,0.8566666666666667,NO_TRADE,NO_TRADE,0.0,FAIL
2026-08-31,CNP,0.17826881547384557,0.8533333333333334,NO_TRADE,NO_TRADE,0.0,FAIL
2026-08-31,CME,0.17571249362194086,0.85,NO_TRADE,NO_TRADE,0.0,FAIL
2026-08-31,CL,0.1752641540244074,0.8466666666666667,NO_TRADE,NO_TRADE,0.0,FAIL
2026-08-31,DGX,0.1739899753932727,0.8433333333333334,NO_TRADE,NO_TRADE,0.0,FAIL
2026-08-31,LLY,0.17378537280235642,0.84,NO_TRADE,NO_TRADE,0.0,FAIL
2026-08-31,PCG,0.1732795980793189,0.8366666666666667,NO_TRADE,NO_TRADE,0.0,FAIL
2026-08-31,CF,0.17244893345232976,0.8333333333333334,NO_TRADE,NO_TRADE,0.0,FAIL
2026-08-31,COR,0.17154475518810713,0.83,NO_TRADE,NO_TRADE,0.0,FAIL
2026-08-31,CMG,0.17097050365549316,0.8266666666666667,NO_TRADE,NO_TRADE,0.0,FAIL
2026-08-31,PM,0.17033086621331023,0.8233333333333334,NO_TRADE,NO_TRADE,0.0,FAIL
2026-08-31,SPG,0.16747548078014338,0.82,NO_TRADE,NO_TRADE,0.0,FAIL
2026-08-31,ABT,0.16478969533076077,0.8166666666666667,NO_TRADE,NO_TRADE,0.0,FAIL
2026-08-31,INCY,0.16398698587077748,0.8133333333333334,NO_TRADE,NO_TRADE,0.0,FAIL
2026-08-31,SYY,0.16297278602028842,0.81,NO_TRADE,NO_TRADE,0.0,FAIL
2026-08-31,FISV,0.162079662073926,0.8066666666666666,NO_TRADE,NO_TRADE,0.0,FAIL
2026-08-31,PEG,0.16115762553618376,0.8033333333333333,NO_TRADE,NO_TRADE,0.0,FAIL
2026-08-31,PEP,0.1592817579561142,0.8,NO_TRADE,NO_TRADE,0.0,FAIL
2026-08-31,AEP,0.15844271946217856,0.7966666666666666,NO_TRADE,NO_TRADE,0.0,FAIL
2026-08-31,LMT,0.1583987942237024,0.7933333333333333,NO_TRADE,NO_TRADE,0.0,FAIL
2026-08-31,D,0.15826179172486732,0.79,NO_TRADE,NO_TRADE,0.0,FAIL
2026-08-31,NEE,0.15822381907421046,0.7866666666666666,NO_TRADE,NO_TRADE,0.0,FAIL
2026-08-31,FE,0.15815245422678534,0.7833333333333333,NO_TRADE,NO_TRADE,0.0,FAIL
2026-08-31,GIS,0.1575228440415983,0.78,NO_TRADE,NO_TRADE,0.0,FAIL
2026-08-31,COST,0.15734053313907084,0.7766666666666666,NO_TRADE,NO_TRADE,0.0,FAIL
2026-08-31,CI,0.1551632696184511,0.7733333333333333,NO_TRADE,NO_TRADE,0.0,FAIL
2026-08-31,COO,0.15473946667826086,0.77,NO_TRADE,NO_TRADE,0.0,FAIL
2026-08-31,HSY,0.1544092788387918,0.7666666666666667,NO_TRADE,NO_TRADE,0.0,FAIL
2026-08-31,PSA,0.15354436742161323,0.7633333333333333,NO_TRADE,NO_TRADE,0.0,FAIL
2026-08-31,SRE,0.15340380795792743,0.76,NO_TRADE,NO_TRADE,0.0,FAIL
2026-08-31,TMO,0.15276828519909016,0.7566666666666667,NO_TRADE,NO_TRADE,0.0,FAIL
2026-08-31,PSX,0.15258349256392642,0.7533333333333333,NO_TRADE,NO_TRADE,0.0,FAIL
2026-08-31,FANG,0.15249243801560947,0.75,NO_TRADE,NO_TRADE,0.0,FAIL
2026-08-31,V,0.15221490600663956,0.7466666666666667,NO_TRADE,NO_TRADE,0.0,FAIL
2026-08-31,MRK,0.1521866037001575,0.7433333333333333,NO_TRADE,NO_TRADE,0.0,FAIL
2026-08-31,MCD,0.15075106680635636,0.74,NO_TRADE,NO_TRADE,0.0,FAIL
2026-08-31,ORLY,0.1504195376860953,0.7366666666666667,NO_TRADE,NO_TRADE,0.0,FAIL
2026-08-31,PPL,0.14875263327707414,0.7333333333333333,NO_TRADE,NO_TRADE,0.0,FAIL
2026-08-31,ICE,0.14873959787326763,0.73,NO_TRADE,NO_TRADE,0.0,FAIL
2026-08-31,LVS,0.14754013660692344,0.7266666666666667,NO_TRADE,NO_TRADE,0.0,FAIL
2026-08-31,XEL,0.1461928033692426,0.7233333333333334,NO_TRADE,NO_TRADE,0.0,FAIL
2026-08-31,AZO,0.14616213930525504,0.72,NO_TRADE,NO_TRADE,0.0,FAIL
2026-08-31,RTX,0.14590863017476105,0.7166666666666667,NO_TRADE,NO_TRADE,0.0,FAIL
2026-08-31,PG,0.14531268852307289,0.7133333333333334,NO_TRADE,NO_TRADE,0.0,FAIL
2026-08-31,SCHW,0.1450519910364571,0.71,NO_TRADE,NO_TRADE,0.0,FAIL
2026-08-31,SBUX,0.1438782429658476,0.7066666666666667,NO_TRADE,NO_TRADE,0.0,FAIL
2026-08-31,ZBH,0.14323400696590013,0.7033333333333334,NO_TRADE,NO_TRADE,0.0,FAIL
2026-08-31,UHS,0.14313720395230095,0.7,NO_TRADE,NO_TRADE,0.0,FAIL
2026-08-31,CRM,0.14225455714741456,0.6966666666666667,NO_TRADE,NO_TRADE,0.0,FAIL
2026-08-31,SYK,0.14173939133596444,0.6933333333333334,NO_TRADE,NO_TRADE,0.0,FAIL
2026-08-31,INTU,0.14162830436970222,0.69,NO_TRADE,NO_TRADE,0.0,FAIL
2026-08-31,DHR,0.14153615787377732,0.6866666666666666,NO_TRADE,NO_TRADE,0.0,FAIL
2026-08-31,KMB,0.14097469218057332,0.6833333333333333,NO_TRADE,NO_TRADE,0.0,FAIL
2026-08-31,MAR,0.14086405784354067,0.68,NO_TRADE,NO_TRADE,0.0,FAIL
2026-08-31,LH,0.1406717397658909,0.6766666666666666,NO_TRADE,NO_TRADE,0.0,FAIL
2026-08-31,WYNN,0.13993136782554055,0.6733333333333333,NO_TRADE,NO_TRADE,0.0,FAIL
2026-08-31,VMRK,0.13930628512726861,0.67,NO_TRADE,NO_TRADE,0.0,FAIL
2026-08-31,UNP,0.13852081996280208,0.6666666666666666,NO_TRADE,NO_TRADE,0.0,FAIL
2026-08-31,ULTA,0.13719614518989706,0.6633333333333333,NO_TRADE,NO_TRADE,0.0,FAIL
2026-08-31,YUM,0.13612382190216887,0.66,NO_TRADE,NO_TRADE,0.0,FAIL
2026-08-31,PLD,0.13527559310730464,0.6566666666666666,NO_TRADE,NO_TRADE,0.0,FAIL
2026-08-31,ADSK,0.13491247199958292,0.6533333333333333,NO_TRADE,NO_TRADE,0.0,FAIL
2026-08-31,MA,0.1343841497116764,0.65,NO_TRADE,NO_TRADE,0.0,FAIL
2026-08-31,KMI,0.1341478071859411,0.6466666666666666,NO_TRADE,NO_TRADE,0.0,FAIL
2026-08-31,CSX,0.13392296253360103,0.6433333333333333,NO_TRADE,NO_TRADE,0.0,FAIL
2026-08-31,TAP,0.13389223803817768,0.64,NO_TRADE,NO_TRADE,0.0,FAIL
2026-08-31,VRSN,0.12779394826383428,0.6366666666666667,NO_TRADE,NO_TRADE,0.0,FAIL
2026-08-31,ETR,0.12641792405588284,0.6333333333333333,NO_TRADE,NO_TRADE,0.0,FAIL
2026-08-31,BDX,0.1260626541571266,0.63,NO_TRADE,NO_TRADE,0.0,FAIL
2026-08-31,WMT,0.12552082695658678,0.6266666666666667,NO_TRADE,NO_TRADE,0.0,FAIL
2026-08-31,NSC,0.12394142798150537,0.6233333333333333,NO_TRADE,NO_TRADE,0.0,FAIL
2026-08-31,SPGI,0.12304900316890297,0.62,NO_TRADE,NO_TRADE,0.0,FAIL
2026-08-31,MGM,0.12265496202061346,0.6166666666666667,NO_TRADE,NO_TRADE,0.0,FAIL
2026-08-31,GWW,0.12233912076833853,0.6133333333333333,NO_TRADE,NO_TRADE,0.0,FAIL
2026-08-31,HCA,0.12231917604131641,0.61,NO_TRADE,NO_TRADE,0.0,FAIL
2026-08-31,NOC,0.12212034529068724,0.6066666666666667,NO_TRADE,NO_TRADE,0.0,FAIL
2026-08-31,TSCO,0.12196563274616186,0.6033333333333334,NO_TRADE,NO_TRADE,0.0,FAIL
2026-08-31,DVA,0.12045621998509888,0.6,NO_TRADE,NO_TRADE,0.0,FAIL
2026-08-31,UNH,0.11948959784875507,0.5966666666666667,NO_TRADE,NO_TRADE,0.0,FAIL
2026-08-31,ZTS,0.11889352650686323,0.5933333333333334,NO_TRADE,NO_TRADE,0.0,FAIL
2026-08-31,CAH,0.11867409002299399,0.59,NO_TRADE,NO_TRADE,0.0,FAIL
2026-08-31,GD,0.11856632765104747,0.5866666666666667,NO_TRADE,NO_TRADE,0.0,FAIL
2026-08-31,VLO,0.11735419155283175,0.5833333333333334,NO_TRADE,NO_TRADE,0.0,FAIL
2026-08-31,MET,0.11564195050175878,0.58,NO_TRADE,NO_TRADE,0.0,FAIL
2026-08-31,CVS,0.11513523176703921,0.5766666666666667,NO_TRADE,NO_TRADE,0.0,FAIL
2026-08-31,TGT,0.11420538447330952,0.5733333333333334,NO_TRADE,NO_TRADE,0.0,FAIL
2026-08-31,EQT,0.11358994975358286,0.57,NO_TRADE,NO_TRADE,0.0,FAIL
2026-08-31,BIIB,0.11245257165313063,0.5666666666666667,NO_TRADE,NO_TRADE,0.0,FAIL
2026-08-31,BRK-B,0.1124099051919422,0.5633333333333334,NO_TRADE,NO_TRADE,0.0,FAIL
2026-08-31,HLT,0.11228997155004361,0.56,NO_TRADE,NO_TRADE,0.0,FAIL
2026-08-31,TMUS,0.11170812613300227,0.5566666666666666,NO_TRADE,NO_TRADE,0.0,FAIL
2026-08-31,BXP,0.10992686908651483,0.5533333333333333,NO_TRADE,NO_TRADE,0.0,FAIL
2026-08-31,PFE,0.10883470745234484,0.55,NO_TRADE,NO_TRADE,0.0,FAIL
2026-08-31,BBY,0.1086605259732842,0.5466666666666666,NO_TRADE,NO_TRADE,0.0,FAIL
2026-08-31,WY,0.10663773913024331,0.5433333333333333,NO_TRADE,NO_TRADE,0.0,FAIL
2026-08-31,MDT,0.10632559711433427,0.54,NO_TRADE,NO_TRADE,0.0,FAIL
2026-08-31,BMY,0.10519104823527524,0.5366666666666666,NO_TRADE,NO_TRADE,0.0,FAIL
2026-08-31,PRU,0.1048859392680983,0.5333333333333333,NO_TRADE,NO_TRADE,0.0,FAIL
2026-08-31,ADBE,0.1044128054102749,0.53,NO_TRADE,NO_TRADE,0.0,FAIL
2026-08-31,EBAY,0.10431363374151291,0.5266666666666666,NO_TRADE,NO_TRADE,0.0,FAIL
2026-08-31,ELV,0.10336323011214271,0.5233333333333333,NO_TRADE,NO_TRADE,0.0,FAIL
2026-08-31,LIN,0.10283934193646828,0.52,NO_TRADE,NO_TRADE,0.0,FAIL
2026-08-31,NFLX,0.1026475872679563,0.5166666666666667,NO_TRADE,NO_TRADE,0.0,FAIL
2026-08-31,ROST,0.10246114331964115,0.5133333333333333,NO_TRADE,NO_TRADE,0.0,FAIL
2026-08-31,STZ,0.10204531333436613,0.51,NO_TRADE,NO_TRADE,0.0,FAIL
2026-08-31,PNC,0.1016958881441074,0.5066666666666667,NO_TRADE,NO_TRADE,0.0,FAIL
2026-08-31,VTRS,0.10062600791502258,0.5033333333333333,NO_TRADE,NO_TRADE,0.0,FAIL
2026-08-31,MCO,0.10036336140431946,0.5,NO_TRADE,NO_TRADE,0.0,FAIL
2026-08-31,TFC,0.09878342847132653,0.49666666666666665,NO_TRADE,NO_TRADE,0.0,FAIL
2026-08-31,MPC,0.09757061897075099,0.49333333333333335,NO_TRADE,NO_TRADE,0.0,FAIL
2026-08-31,ADM,0.096357201640937,0.49,NO_TRADE,NO_TRADE,0.0,FAIL
2026-08-31,CPAY,0.09468333566392045,0.4866666666666667,NO_TRADE,NO_TRADE,0.0,FAIL
2026-08-31,GILD,0.09400096211392514,0.48333333333333334,NO_TRADE,NO_TRADE,0.0,FAIL
2026-08-31,HST,0.09393045827264698,0.48,NO_TRADE,NO_TRADE,0.0,FAIL
2026-08-31,MTB,0.09384566234469233,0.4766666666666667,NO_TRADE,NO_TRADE,0.0,FAIL
2026-08-31,CHRW,0.09284972837877889,0.47333333333333333,NO_TRADE,NO_TRADE,0.0,FAIL
2026-08-31,VRTX,0.09282984970531596,0.47,NO_TRADE,NO_TRADE,0.0,FAIL
2026-08-31,TPR,0.09265432422374792,0.4666666666666667,NO_TRADE,NO_TRADE,0.0,FAIL
2026-08-31,DG,0.09197072451770885,0.4633333333333333,NO_TRADE,NO_TRADE,0.0,FAIL
2026-08-31,CMCSA,0.09165384459189334,0.46,NO_TRADE,NO_TRADE,0.0,FAIL
2026-08-31,DECK,0.09136783457612918,0.45666666666666667,NO_TRADE,NO_TRADE,0.0,FAIL
2026-08-31,WMB,0.09136220840576945,0.4533333333333333,NO_TRADE,NO_TRADE,0.0,FAIL
2026-08-31,AMGN,0.0901258639469021,0.45,NO_TRADE,NO_TRADE,0.0,FAIL
2026-08-31,RF,0.08975855877923876,0.44666666666666666,NO_TRADE,NO_TRADE,0.0,FAIL
2026-08-31,CLX,0.08750504997472994,0.44333333333333336,NO_TRADE,NO_TRADE,0.0,FAIL
2026-08-31,ITW,0.08720819449189049,0.44,NO_TRADE,NO_TRADE,0.0,FAIL
2026-08-31,EXPE,0.08542971685015205,0.43666666666666665,NO_TRADE,NO_TRADE,0.0,FAIL
2026-08-31,LOW,0.08467494387501784,0.43333333333333335,NO_TRADE,NO_TRADE,0.0,FAIL
2026-08-31,WDAY,0.08368338145251936,0.43,NO_TRADE,NO_TRADE,0.0,FAIL
2026-08-31,NKE,0.08356228239923204,0.4266666666666667,NO_TRADE,NO_TRADE,0.0,FAIL
2026-08-31,IBM,0.08353954664924773,0.42333333333333334,NO_TRADE,NO_TRADE,0.0,FAIL
2026-08-31,DLTR,0.0824128789358447,0.42,NO_TRADE,NO_TRADE,0.0,FAIL
2026-08-31,JPM,0.08203490060117148,0.4166666666666667,NO_TRADE,NO_TRADE,0.0,FAIL
2026-08-31,FAST,0.0812753621353591,0.41333333333333333,NO_TRADE,NO_TRADE,0.0,FAIL
2026-08-31,FITB,0.08126161266152926,0.41,NO_TRADE,NO_TRADE,0.0,FAIL
2026-08-31,BAC,0.08072747967715298,0.4066666666666667,NO_TRADE,NO_TRADE,0.0,FAIL
2026-08-31,WBD,0.0805583151029453,0.4033333333333333,NO_TRADE,NO_TRADE,0.0,FAIL
2026-08-31,REGN,0.08052813627517165,0.4,NO_TRADE,NO_TRADE,0.0,FAIL
2026-08-31,MMM,0.08016692685153136,0.39666666666666667,NO_TRADE,NO_TRADE,0.0,FAIL
2026-08-31,USB,0.08002667556750441,0.3933333333333333,NO_TRADE,NO_TRADE,0.0,FAIL
2026-08-31,DIS,0.0793993517895646,0.39,NO_TRADE,NO_TRADE,0.0,FAIL
2026-08-31,BSX,0.07743655700259,0.38666666666666666,NO_TRADE,NO_TRADE,0.0,FAIL
2026-08-31,ECL,0.07622764403158735,0.38333333333333336,NO_TRADE,NO_TRADE,0.0,FAIL
2026-08-31,WFC,0.07363430754825227,0.38,NO_TRADE,NO_TRADE,0.0,FAIL
2026-08-31,BKNG,0.0733052350063373,0.37666666666666665,NO_TRADE,NO_TRADE,0.0,FAIL
2026-08-31,HAL,0.07253820370682443,0.37333333333333335,NO_TRADE,NO_TRADE,0.0,FAIL
2026-08-31,NVDA,0.07252350207060704,0.37,NO_TRADE,NO_TRADE,0.0,FAIL
2026-08-31,HON,0.0713627077097411,0.36666666666666664,NO_TRADE,NO_TRADE,0.0,FAIL
2026-08-31,TXT,0.07130215895254187,0.36333333333333334,NO_TRADE,NO_TRADE,0.0,FAIL
2026-08-31,MSI,0.07078044856989459,0.36,NO_TRADE,NO_TRADE,0.0,FAIL
2026-08-31,KEY,0.06969120720514602,0.3566666666666667,NO_TRADE,NO_TRADE,0.0,FAIL
2026-08-31,CBRE,0.0690611461070449,0.35333333333333333,NO_TRADE,NO_TRADE,0.0,FAIL
2026-08-31,EQIX,0.06824877768760784,0.35,NO_TRADE,NO_TRADE,0.0,FAIL
2026-08-31,AMP,0.0677316190001475,0.3466666666666667,NO_TRADE,NO_TRADE,0.0,FAIL
2026-08-31,OMC,0.06424848370712469,0.3433333333333333,NO_TRADE,NO_TRADE,0.0,FAIL
2026-08-31,PH,0.062053065541376504,0.34,NO_TRADE,NO_TRADE,0.0,FAIL
2026-08-31,RL,0.061211604470125754,0.33666666666666667,NO_TRADE,NO_TRADE,0.0,FAIL
2026-08-31,EW,0.05996015725168944,0.3333333333333333,NO_TRADE,NO_TRADE,0.0,FAIL
2026-08-31,APD,0.05769356083513188,0.33,NO_TRADE,NO_TRADE,0.0,FAIL
2026-08-31,MSFT,0.053090390839895626,0.32666666666666666,NO_TRADE,NO_TRADE,0.0,FAIL
2026-08-31,CHTR,0.052875349439193545,0.3233333333333333,NO_TRADE,NO_TRADE,0.0,FAIL
2026-08-31,F,0.05242779743268741,0.32,NO_TRADE,NO_TRADE,0.0,FAIL
2026-08-31,HD,0.05100556364952395,0.31666666666666665,NO_TRADE,NO_TRADE,0.0,FAIL
2026-08-31,A,0.05030513001455853,0.31333333333333335,NO_TRADE,NO_TRADE,0.0,FAIL
2026-08-31,HUM,0.0488732365105795,0.31,NO_TRADE,NO_TRADE,0.0,FAIL
2026-08-31,JBHT,0.046236079805714494,0.30666666666666664,NO_TRADE,NO_TRADE,0.0,FAIL
2026-08-31,GE,0.045720149075807195,0.30333333333333334,NO_TRADE,NO_TRADE,0.0,FAIL
2026-08-31,BAX,0.043593720582507725,0.3,NO_TRADE,NO_TRADE,0.0,FAIL
2026-08-31,TROW,0.04258757446348383,0.2966666666666667,NO_TRADE,NO_TRADE,0.0,FAIL
2026-08-31,BNY,0.040414694755289256,0.29333333333333333,NO_TRADE,NO_TRADE,0.0,FAIL
2026-08-31,NRG,0.040026621683848476,0.29,NO_TRADE,NO_TRADE,0.0,FAIL
2026-08-31,URI,0.037537121954027725,0.2866666666666667,NO_TRADE,NO_TRADE,0.0,FAIL
2026-08-31,PNR,0.03734310958045364,0.2833333333333333,NO_TRADE,NO_TRADE,0.0,FAIL
2026-08-31,PHM,0.036328228503033286,0.28,NO_TRADE,NO_TRADE,0.0,FAIL
2026-08-31,HPQ,0.03487534291134373,0.27666666666666667,NO_TRADE,NO_TRADE,0.0,FAIL
2026-08-31,DD,0.034411042271196124,0.2733333333333333,NO_TRADE,NO_TRADE,0.0,FAIL
2026-08-31,BLK,0.03194700917152228,0.27,NO_TRADE,NO_TRADE,0.0,FAIL
2026-08-31,LULU,0.031460978169341465,0.26666666666666666,NO_TRADE,NO_TRADE,0.0,FAIL
2026-08-31,STT,0.02936601489699587,0.2633333333333333,NO_TRADE,NO_TRADE,0.0,FAIL
2026-08-31,MNST,0.028894907435441756,0.26,NO_TRADE,NO_TRADE,0.0,FAIL
2026-08-31,NOW,0.027150400696047426,0.25666666666666665,NO_TRADE,NO_TRADE,0.0,FAIL
2026-08-31,FDX,0.027074150421107508,0.25333333333333335,NO_TRADE,NO_TRADE,0.0,FAIL
2026-08-31,AXP,0.02487984437711023,0.25,NO_TRADE,NO_TRADE,0.0,FAIL
2026-08-31,AMZN,0.024472588550025598,0.24666666666666667,NO_TRADE,NO_TRADE,0.0,FAIL
2026-08-31,DE,0.02190452963594046,0.24333333333333335,NO_TRADE,NO_TRADE,0.0,FAIL
2026-08-31,MLM,0.01950652611716054,0.24,NO_TRADE,NO_TRADE,0.0,FAIL
2026-08-31,APTV,0.01892678074601775,0.23666666666666666,NO_TRADE,NO_TRADE,0.0,FAIL
2026-08-31,BKR,0.017505270609150844,0.23333333333333334,NO_TRADE,NO_TRADE,0.0,FAIL
2026-08-31,GM,0.015395176806443416,0.23,NO_TRADE,NO_TRADE,0.0,FAIL
2026-08-31,PCAR,0.01500183569402303,0.22666666666666666,NO_TRADE,NO_TRADE,0.0,FAIL
2026-08-31,BEN,0.01494761633756919,0.22333333333333333,NO_TRADE,NO_TRADE,0.0,FAIL
2026-08-31,DOV,0.014880048295708576,0.22,NO_TRADE,NO_TRADE,0.0,FAIL
2026-08-31,UPS,0.013902689984169525,0.21666666666666667,NO_TRADE,NO_TRADE,0.0,FAIL
2026-08-31,DAL,0.009703133711564376,0.21333333333333335,NO_TRADE,NO_TRADE,0.0,FAIL
2026-08-31,EL,0.00939625131019781,0.21,NO_TRADE,NO_TRADE,0.0,FAIL
2026-08-31,MOS,0.004004251170480697,0.20666666666666667,NO_TRADE,NO_TRADE,0.0,FAIL
2026-08-31,SHW,0.000897407751275379,0.20333333333333334,NO_TRADE,NO_TRADE,0.0,FAIL
2026-08-31,LUV,-0.0009754694106165812,0.2,NO_TRADE,NO_TRADE,0.0,FAIL
2026-08-31,ROK,-0.002408362993848844,0.19666666666666666,NO_TRADE,NO_TRADE,0.0,FAIL
2026-08-31,NUE,-0.004790433909016706,0.19333333333333333,NO_TRADE,NO_TRADE,0.0,FAIL
2026-08-31,LEN,-0.006491648731137804,0.19,NO_TRADE,NO_TRADE,0.0,FAIL
2026-08-31,PSKY,-0.007156448943855202,0.18666666666666668,NO_TRADE,NO_TRADE,0.0,FAIL
2026-08-31,DHI,-0.007561612261189574,0.18333333333333332,NO_TRADE,NO_TRADE,0.0,FAIL
2026-08-31,BA,-0.008328196346327754,0.18,NO_TRADE,NO_TRADE,0.0,FAIL
2026-08-31,TT,-0.010301791444467868,0.17666666666666667,NO_TRADE,NO_TRADE,0.0,FAIL
2026-08-31,GOOGL,-0.012245881818735335,0.17333333333333334,NO_TRADE,NO_TRADE,0.0,FAIL
2026-08-31,RCL,-0.01257238772124397,0.17,NO_TRADE,NO_TRADE,0.0,FAIL
2026-08-31,SLB,-0.016410630633741034,0.16666666666666666,NO_TRADE,NO_TRADE,0.0,FAIL
2026-08-31,EMR,-0.020148647959970983,0.16333333333333333,NO_TRADE,NO_TRADE,0.0,FAIL
2026-08-31,COF,-0.020188626926479943,0.16,NO_TRADE,NO_TRADE,0.0,FAIL
2026-08-31,BX,-0.020361047664814516,0.15666666666666668,NO_TRADE,NO_TRADE,0.0,FAIL
2026-08-31,ISRG,-0.02081445633409349,0.15333333333333332,NO_TRADE,NO_TRADE,0.0,FAIL
2026-08-31,UAL,-0.024344028285540664,0.15,NO_TRADE,NO_TRADE,0.0,FAIL
2026-08-31,IP,-0.024735581377079728,0.14666666666666667,NO_TRADE,NO_TRADE,0.0,FAIL
2026-08-31,C,-0.027184690085696593,0.14333333333333334,NO_TRADE,NO_TRADE,0.0,FAIL
2026-08-31,JCI,-0.027458320268085923,0.14,NO_TRADE,NO_TRADE,0.0,FAIL
2026-08-31,GOOG,-0.0286550230230457,0.13666666666666666,NO_TRADE,NO_TRADE,0.0,FAIL
2026-08-31,CMI,-0.028672092173872503,0.13333333333333333,NO_TRADE,NO_TRADE,0.0,FAIL
2026-08-31,META,-0.03281564432729289,0.13,NO_TRADE,NO_TRADE,0.0,FAIL
2026-08-31,PPG,-0.035585180296906875,0.12666666666666668,NO_TRADE,NO_TRADE,0.0,FAIL
2026-08-31,MAS,-0.03817769392060198,0.12333333333333334,NO_TRADE,NO_TRADE,0.0,FAIL
2026-08-31,MS,-0.038857456634438944,0.12,NO_TRADE,NO_TRADE,0.0,FAIL
2026-08-31,FFIV,-0.04833474934150829,0.11666666666666667,NO_TRADE,NO_TRADE,0.0,FAIL
2026-08-31,CSCO,-0.04857965290026496,0.11333333333333333,NO_TRADE,NO_TRADE,0.0,FAIL
2026-08-31,SWK,-0.051700811012124565,0.11,NO_TRADE,NO_TRADE,0.0,FAIL
2026-08-31,CCL,-0.05465940738673473,0.10666666666666667,NO_TRADE,NO_TRADE,0.0,FAIL
2026-08-31,AKAM,-0.06579575408419526,0.10333333333333333,NO_TRADE,NO_TRADE,0.0,FAIL
2026-08-31,NTAP,-0.06773590702169265,0.1,NO_TRADE,NO_TRADE,0.0,FAIL
2026-08-31,IVZ,-0.07365958107726348,0.09666666666666666,NO_TRADE,NO_TRADE,0.0,FAIL
2026-08-31,GS,-0.08072240885831541,0.09333333333333334,NO_TRADE,NO_TRADE,0.0,FAIL
2026-08-31,PANW,-0.09859438045173544,0.09,NO_TRADE,NO_TRADE,0.0,FAIL
2026-08-31,AVGO,-0.10019652178280096,0.08666666666666667,NO_TRADE,NO_TRADE,0.0,FAIL
2026-08-31,TEL,-0.10056909080114444,0.08333333333333333,NO_TRADE,NO_TRADE,0.0,FAIL
2026-08-31,CAT,-0.11522763218623597,0.08,NO_TRADE,NO_TRADE,0.0,FAIL
2026-08-31,NEM,-0.1396438037023775,0.07666666666666666,NO_TRADE,NO_TRADE,0.0,FAIL
2026-08-31,ORCL,-0.14861664456737558,0.07333333333333333,NO_TRADE,NO_TRADE,0.0,FAIL
2026-08-31,TSLA,-0.15602250324559153,0.07,NO_TRADE,NO_TRADE,0.0,FAIL
2026-08-31,ETN,-0.15627630096133263,0.06666666666666667,NO_TRADE,NO_TRADE,0.0,FAIL
2026-08-31,ADI,-0.16523636481301734,0.06333333333333334,NO_TRADE,NO_TRADE,0.0,FAIL
2026-08-31,TXN,-0.17083106084473088,0.06,NO_TRADE,NO_TRADE,0.0,FAIL
2026-08-31,FCX,-0.17913578921925472,0.056666666666666664,NO_TRADE,NO_TRADE,0.0,FAIL
2026-08-31,NXPI,-0.18123296938529884,0.05333333333333334,NO_TRADE,NO_TRADE,0.0,FAIL
2026-08-31,CIEN,-0.1829038949931128,0.05,NO_TRADE,NO_TRADE,0.0,FAIL
2026-08-31,FSLR,-0.18710752456849702,0.04666666666666667,NO_TRADE,NO_TRADE,0.0,FAIL
2026-08-31,SWKS,-0.19262262087126736,0.043333333333333335,NO_TRADE,NO_TRADE,0.0,FAIL
2026-08-31,STX,-0.22887207594248143,0.04,NO_TRADE,NO_TRADE,0.0,FAIL
2026-08-31,MU,-0.23422653277250738,0.03666666666666667,NO_TRADE,NO_TRADE,0.0,FAIL
2026-08-31,QCOM,-0.25845501152274547,0.03333333333333333,NO_TRADE,NO_TRADE,0.0,FAIL
2026-08-31,AMD,-0.2793465751510038,0.03,NO_TRADE,NO_TRADE,0.0,FAIL
2026-08-31,INTC,-0.28987549746121993,0.02666666666666667,NO_TRADE,NO_TRADE,0.0,FAIL
2026-08-31,ON,-0.2926828478714815,0.023333333333333334,NO_TRADE,NO_TRADE,0.0,FAIL
2026-08-31,AMAT,-0.31221323483837116,0.02,NO_TRADE,NO_TRADE,0.0,FAIL
2026-08-31,KLAC,-0.3552326764954939,0.016666666666666666,NO_TRADE,NO_TRADE,0.0,FAIL
2026-08-31,WDC,-0.36013760091542946,0.013333333333333334,NO_TRADE,NO_TRADE,0.0,FAIL
2026-08-31,GLW,-0.38636364779907467,0.01,NO_TRADE,NO_TRADE,0.0,FAIL
2026-08-31,LRCX,-0.392267301552812,0.006666666666666667,NO_TRADE,NO_TRADE,0.0,FAIL
2026-08-31,MRVL,-0.4836030820724098,0.0033333333333333335,NO_TRADE,NO_TRADE,0.0,FAIL
