model,horizon,regime,meta_model,position_sizing,cost_bps,cagr,annual_volatility,sharpe,sortino,max_drawdown,cost_drag,turnover,number_of_trades,gross_cagr
ridge,1,none,none,equal,5,-0.0144891292110344,0.0099025993777419,-1.468880706064409,-2.0804164072112763,-0.0465702852169978,0.0310651587301587,0.0793806451612903,1538.0,-0.0044834585234972
ridge,1,none,none,equal,10,-0.0242978935943486,0.009912114711104,-2.47653494452334,-3.448312330848653,-0.0740552939806439,0.0618251587301587,0.0793806451612903,1538.0,-0.0044834585234972
ridge,1,none,none,equal,20,-0.0436248944943568,0.0099564139469239,-4.4746654040617155,-6.063356043941691,-0.1281401841273455,0.1233451587301587,0.0793806451612903,1538.0,-0.0044834585234972
ridge,1,none,none,equal,50,-0.0993494671313685,0.0102856816945977,-10.16591723168646,-12.862674729182654,-0.2750142196096273,0.3079051587301586,0.0793806451612903,1538.0,-0.0044834585234972
ridge,1,none,none,inverse_volatility,5,-0.0144891292110344,0.0099025993777419,-1.468880706064409,-2.0804164072112763,-0.0465702852169978,0.0310651587301587,0.0793806451612903,1538.0,-0.0044834585234972
ridge,1,none,none,inverse_volatility,10,-0.0242978935943486,0.009912114711104,-2.47653494452334,-3.448312330848653,-0.0740552939806439,0.0618251587301587,0.0793806451612903,1538.0,-0.0044834585234972
ridge,1,none,none,inverse_volatility,20,-0.0436248944943568,0.0099564139469239,-4.4746654040617155,-6.063356043941691,-0.1281401841273455,0.1233451587301587,0.0793806451612903,1538.0,-0.0044834585234972
ridge,1,none,none,inverse_volatility,50,-0.0993494671313685,0.0102856816945977,-10.16591723168646,-12.862674729182654,-0.2750142196096273,0.3079051587301586,0.0793806451612903,1538.0,-0.0044834585234972
ridge,1,none,none,prediction_magnitude,5,-0.0144891292110344,0.0099025993777419,-1.468880706064409,-2.0804164072112763,-0.0465702852169978,0.0310651587301587,0.0793806451612903,1538.0,-0.0044834585234972
ridge,1,none,none,prediction_magnitude,10,-0.0242978935943486,0.009912114711104,-2.47653494452334,-3.448312330848653,-0.0740552939806439,0.0618251587301587,0.0793806451612903,1538.0,-0.0044834585234972
ridge,1,none,none,prediction_magnitude,20,-0.0436248944943568,0.0099564139469239,-4.4746654040617155,-6.063356043941691,-0.1281401841273455,0.1233451587301587,0.0793806451612903,1538.0,-0.0044834585234972
ridge,1,none,none,prediction_magnitude,50,-0.0993494671313685,0.0102856816945977,-10.16591723168646,-12.862674729182654,-0.2750142196096273,0.3079051587301586,0.0793806451612903,1538.0,-0.0044834585234972
ridge,1,hard,none,equal,5,-0.0025168054591362,0.0045130442485056,-0.5561196668907148,-0.3909808568297224,-0.0119976726212317,0.0068674603174603,0.0175483870967741,340.0,-0.0002868558507675
ridge,1,hard,none,equal,10,-0.0047200209422433,0.0045326016028235,-1.041540786508729,-0.7341145991087757,-0.0170311672187452,0.0136674603174603,0.0175483870967741,340.0,-0.0002868558507675
ridge,1,hard,none,equal,20,-0.0091120776731417,0.0046059346691618,-1.9850657127072084,-1.4166484848874306,-0.0298450066557718,0.0272674603174603,0.0175483870967741,340.0,-0.0002868558507675
ridge,1,hard,none,equal,50,-0.0221739913903581,0.0050750189669362,-4.415680764521811,-3.2980322688415495,-0.0675398582172142,0.0680674603174603,0.0175483870967741,340.0,-0.0002868558507675
ridge,1,hard,none,inverse_volatility,5,-0.0025168054591362,0.0045130442485056,-0.5561196668907148,-0.3909808568297224,-0.0119976726212317,0.0068674603174603,0.0175483870967741,340.0,-0.0002868558507675
ridge,1,hard,none,inverse_volatility,10,-0.0047200209422433,0.0045326016028235,-1.041540786508729,-0.7341145991087757,-0.0170311672187452,0.0136674603174603,0.0175483870967741,340.0,-0.0002868558507675
ridge,1,hard,none,inverse_volatility,20,-0.0091120776731417,0.0046059346691618,-1.9850657127072084,-1.4166484848874306,-0.0298450066557718,0.0272674603174603,0.0175483870967741,340.0,-0.0002868558507675
ridge,1,hard,none,inverse_volatility,50,-0.0221739913903581,0.0050750189669362,-4.415680764521811,-3.2980322688415495,-0.0675398582172142,0.0680674603174603,0.0175483870967741,340.0,-0.0002868558507675
ridge,1,hard,none,prediction_magnitude,5,-0.0025168054591362,0.0045130442485056,-0.5561196668907148,-0.3909808568297224,-0.0119976726212317,0.0068674603174603,0.0175483870967741,340.0,-0.0002868558507675
ridge,1,hard,none,prediction_magnitude,10,-0.0047200209422433,0.0045326016028235,-1.041540786508729,-0.7341145991087757,-0.0170311672187452,0.0136674603174603,0.0175483870967741,340.0,-0.0002868558507675
ridge,1,hard,none,prediction_magnitude,20,-0.0091120776731417,0.0046059346691618,-1.9850657127072084,-1.4166484848874306,-0.0298450066557718,0.0272674603174603,0.0175483870967741,340.0,-0.0002868558507675
ridge,1,hard,none,prediction_magnitude,50,-0.0221739913903581,0.0050750189669362,-4.415680764521811,-3.2980322688415495,-0.0675398582172142,0.0680674603174603,0.0175483870967741,340.0,-0.0002868558507675
xgboost,1,none,none,equal,5,-0.0206339589410946,0.0080277933516466,-2.59308587463971,-3.0723223365255863,-0.0653495470425057,0.0358723809523809,0.0916645161290322,1776.0,-0.0091421965570017
xgboost,1,none,none,equal,10,-0.0318822450069653,0.0081250510074429,-3.9835425706607968,-4.659096169146156,-0.0966896045777651,0.0713923809523809,0.0916645161290322,1776.0,-0.0091421965570017
xgboost,1,none,none,equal,20,-0.0539948766621889,0.0083973213802617,-6.605194934164433,-7.54145517340296,-0.1570870782290208,0.1424323809523809,0.0916645161290322,1776.0,-0.0091421965570017
xgboost,1,none,none,equal,50,-0.1173642413900467,0.0097397781967982,-12.809770029056464,-13.958985660257238,-0.3186919492269615,0.3555523809523809,0.0916645161290322,1776.0,-0.0091421965570017
xgboost,1,none,none,inverse_volatility,5,-0.0206339589410946,0.0080277933516466,-2.59308587463971,-3.0723223365255863,-0.0653495470425057,0.0358723809523809,0.0916645161290322,1776.0,-0.0091421965570017
xgboost,1,none,none,inverse_volatility,10,-0.0318822450069653,0.0081250510074429,-3.9835425706607968,-4.659096169146155,-0.0966896045777651,0.0713923809523809,0.0916645161290322,1776.0,-0.0091421965570017
xgboost,1,none,none,inverse_volatility,20,-0.0539948766621889,0.0083973213802617,-6.605194934164433,-7.54145517340296,-0.1570870782290208,0.1424323809523809,0.0916645161290322,1776.0,-0.0091421965570017
xgboost,1,none,none,inverse_volatility,50,-0.1173642413900467,0.0097397781967982,-12.809770029056464,-13.958985660257238,-0.3186919492269615,0.3555523809523809,0.0916645161290322,1776.0,-0.0091421965570017
xgboost,1,none,none,prediction_magnitude,5,-0.0206339589410946,0.0080277933516466,-2.59308587463971,-3.0723223365255863,-0.0653495470425057,0.0358723809523809,0.0916645161290322,1776.0,-0.0091421965570017
xgboost,1,none,none,prediction_magnitude,10,-0.0318822450069653,0.0081250510074429,-3.9835425706607968,-4.659096169146155,-0.0966896045777651,0.0713923809523809,0.0916645161290322,1776.0,-0.0091421965570017
xgboost,1,none,none,prediction_magnitude,20,-0.0539948766621889,0.0083973213802617,-6.605194934164433,-7.54145517340296,-0.1570870782290208,0.1424323809523809,0.0916645161290322,1776.0,-0.0091421965570017
xgboost,1,none,none,prediction_magnitude,50,-0.1173642413900467,0.0097397781967982,-12.809770029056464,-13.958985660257238,-0.3186919492269615,0.3555523809523809,0.0916645161290322,1776.0,-0.0091421965570017
xgboost,1,hard,none,equal,5,-0.0035176619093409,0.0032201807621779,-1.092690131722952,-0.7118313500541659,-0.0138767986035772,0.0061403174603174,0.0156903225806451,304.0,-0.0015259926122751
xgboost,1,hard,none,equal,10,-0.0054859190279461,0.0032640706486782,-1.683676910787046,-1.1060796892282103,-0.0192273675009997,0.0122203174603174,0.0156903225806451,304.0,-0.0015259926122751
xgboost,1,hard,none,equal,20,-0.0094109765463001,0.0033958506891694,-2.782690566112872,-1.8741687843424384,-0.0303534547473366,0.0243803174603174,0.0156903225806451,304.0,-0.0015259926122751
xgboost,1,hard,none,equal,50,-0.0210950185888761,0.0040782845299238,-5.225600467862719,-3.8421292774656135,-0.0639758209006636,0.0608603174603174,0.0156903225806451,304.0,-0.0015259926122751
xgboost,1,hard,none,inverse_volatility,5,-0.0035176619093409,0.0032201807621779,-1.092690131722952,-0.7118313500541659,-0.0138767986035772,0.0061403174603174,0.0156903225806451,304.0,-0.0015259926122751
xgboost,1,hard,none,inverse_volatility,10,-0.0054859190279461,0.0032640706486782,-1.683676910787046,-1.1060796892282103,-0.0192273675009997,0.0122203174603174,0.0156903225806451,304.0,-0.0015259926122751
xgboost,1,hard,none,inverse_volatility,20,-0.0094109765463001,0.0033958506891694,-2.782690566112872,-1.8741687843424384,-0.0303534547473366,0.0243803174603174,0.0156903225806451,304.0,-0.0015259926122751
xgboost,1,hard,none,inverse_volatility,50,-0.0210950185888761,0.0040782845299238,-5.225600467862719,-3.8421292774656135,-0.0639758209006636,0.0608603174603174,0.0156903225806451,304.0,-0.0015259926122751
xgboost,1,hard,none,prediction_magnitude,5,-0.0035176619093409,0.0032201807621779,-1.092690131722952,-0.7118313500541659,-0.0138767986035772,0.0061403174603174,0.0156903225806451,304.0,-0.0015259926122751
xgboost,1,hard,none,prediction_magnitude,10,-0.0054859190279461,0.0032640706486782,-1.683676910787046,-1.1060796892282103,-0.0192273675009997,0.0122203174603174,0.0156903225806451,304.0,-0.0015259926122751
xgboost,1,hard,none,prediction_magnitude,20,-0.0094109765463001,0.0033958506891694,-2.782690566112872,-1.8741687843424384,-0.0303534547473366,0.0243803174603174,0.0156903225806451,304.0,-0.0015259926122751
xgboost,1,hard,none,prediction_magnitude,50,-0.0210950185888761,0.0040782845299238,-5.225600467862719,-3.8421292774656135,-0.0639758209006636,0.0608603174603174,0.0156903225806451,304.0,-0.0015259926122751
lightgbm,1,none,none,equal,5,-0.0164993638524271,0.00827288872621,-2.0068279457304747,-2.4877492712152733,-0.0543892780765261,0.0358723809523809,0.0916645161290322,1776.0,-0.0049594269395242
lightgbm,1,none,none,equal,10,-0.0277947974458311,0.0083486394419631,-3.3720456507480145,-4.127799279454347,-0.0834027641194629,0.0713923809523809,0.0916645161290322,1776.0,-0.0049594269395242
lightgbm,1,none,none,equal,20,-0.0500000989041298,0.0085741891467134,-5.977410867370021,-7.133345426727309,-0.1458663099348421,0.1424323809523809,0.0916645161290322,1776.0,-0.0049594269395242
lightgbm,1,none,none,equal,50,-0.1136349183765497,0.0097651198631727,-12.344940693726668,-13.886842786640957,-0.3098000191844128,0.3555523809523809,0.0916645161290322,1776.0,-0.0049594269395242
lightgbm,1,none,none,inverse_volatility,5,-0.0164993638524271,0.00827288872621,-2.0068279457304747,-2.4877492712152733,-0.0543892780765261,0.0358723809523809,0.0916645161290322,1776.0,-0.0049594269395242
lightgbm,1,none,none,inverse_volatility,10,-0.0277947974458311,0.0083486394419631,-3.3720456507480145,-4.127799279454347,-0.0834027641194629,0.0713923809523809,0.0916645161290322,1776.0,-0.0049594269395242
lightgbm,1,none,none,inverse_volatility,20,-0.0500000989041298,0.0085741891467134,-5.977410867370022,-7.133345426727309,-0.1458663099348421,0.1424323809523809,0.0916645161290322,1776.0,-0.0049594269395242
lightgbm,1,none,none,inverse_volatility,50,-0.1136349183765497,0.0097651198631727,-12.344940693726668,-13.886842786640957,-0.3098000191844128,0.3555523809523809,0.0916645161290322,1776.0,-0.0049594269395242
lightgbm,1,none,none,prediction_magnitude,5,-0.0164993638524271,0.00827288872621,-2.0068279457304747,-2.4877492712152733,-0.0543892780765261,0.0358723809523809,0.0916645161290322,1776.0,-0.0049594269395242
lightgbm,1,none,none,prediction_magnitude,10,-0.0277947974458311,0.0083486394419631,-3.3720456507480145,-4.127799279454347,-0.0834027641194629,0.0713923809523809,0.0916645161290322,1776.0,-0.0049594269395242
lightgbm,1,none,none,prediction_magnitude,20,-0.0500000989041298,0.0085741891467134,-5.977410867370022,-7.133345426727309,-0.1458663099348421,0.1424323809523809,0.0916645161290322,1776.0,-0.0049594269395242
lightgbm,1,none,none,prediction_magnitude,50,-0.1136349183765497,0.0097651198631727,-12.344940693726668,-13.886842786640957,-0.3098000191844128,0.3555523809523809,0.0916645161290322,1776.0,-0.0049594269395242
lightgbm,1,hard,none,equal,5,-0.0026628356232386,0.0038481923993499,-0.6909683460234688,-0.4966832924687174,-0.0093125935988674,0.0058979365079365,0.0150709677419354,292.0,-0.0007482369309064
lightgbm,1,hard,none,equal,10,-0.0045550755787426,0.0038804922172745,-1.174572919526176,-0.8481251742754347,-0.0141250576106343,0.0117379365079365,0.0150709677419354,292.0,-0.0007482369309064
lightgbm,1,hard,none,equal,20,-0.0083289800177301,0.0039813666743707,-2.0987278056048897,-1.5310625352821166,-0.0253406940576165,0.0234179365079365,0.0150709677419354,292.0,-0.0007482369309064
lightgbm,1,hard,none,equal,50,-0.0195665531332593,0.0045366052421657,-4.353355758872597,-3.307837505385189,-0.0587734341674083,0.0584579365079365,0.0150709677419354,292.0,-0.0007482369309064
lightgbm,1,hard,none,inverse_volatility,5,-0.0026628356232386,0.0038481923993499,-0.6909683460234688,-0.4966832924687174,-0.0093125935988674,0.0058979365079365,0.0150709677419354,292.0,-0.0007482369309064
lightgbm,1,hard,none,inverse_volatility,10,-0.0045550755787426,0.0038804922172745,-1.174572919526176,-0.8481251742754347,-0.0141250576106343,0.0117379365079365,0.0150709677419354,292.0,-0.0007482369309064
lightgbm,1,hard,none,inverse_volatility,20,-0.0083289800177301,0.0039813666743707,-2.0987278056048897,-1.5310625352821166,-0.0253406940576165,0.0234179365079365,0.0150709677419354,292.0,-0.0007482369309064
lightgbm,1,hard,none,inverse_volatility,50,-0.0195665531332593,0.0045366052421657,-4.353355758872597,-3.307837505385189,-0.0587734341674083,0.0584579365079365,0.0150709677419354,292.0,-0.0007482369309064
lightgbm,1,hard,none,prediction_magnitude,5,-0.0026628356232386,0.0038481923993499,-0.6909683460234688,-0.4966832924687174,-0.0093125935988674,0.0058979365079365,0.0150709677419354,292.0,-0.0007482369309064
lightgbm,1,hard,none,prediction_magnitude,10,-0.0045550755787426,0.0038804922172745,-1.174572919526176,-0.8481251742754347,-0.0141250576106343,0.0117379365079365,0.0150709677419354,292.0,-0.0007482369309064
lightgbm,1,hard,none,prediction_magnitude,20,-0.0083289800177301,0.0039813666743707,-2.0987278056048897,-1.5310625352821166,-0.0253406940576165,0.0234179365079365,0.0150709677419354,292.0,-0.0007482369309064
lightgbm,1,hard,none,prediction_magnitude,50,-0.0195665531332593,0.0045366052421657,-4.353355758872597,-3.307837505385189,-0.0587734341674083,0.0584579365079365,0.0150709677419354,292.0,-0.0007482369309064
ridge,5,none,none,equal,5,-0.0177170290656061,0.0200422282506634,-0.8818722403776802,-1.401681675938118,-0.0729454169991351,0.0255139841269841,0.0627406451612903,6078.0,-0.0095333524224898
ridge,5,none,none,equal,10,-0.0254525216153106,0.0200507951014728,-1.2757601825982978,-2.014657353974819,-0.0888920101819848,0.0498259841269841,0.0627406451612903,6078.0,-0.0095333524224898
ridge,5,none,none,equal,20,-0.040742026557898,0.0200719504171451,-2.0621139321461213,-3.2107708234174095,-0.1234150846232553,0.0984499841269841,0.0627406451612903,6078.0,-0.0095333524224898
ridge,5,none,none,equal,50,-0.085192329203164,0.020167413348604,-4.4042622029475496,-6.575129039261414,-0.2409730820899975,0.2443219841269841,0.0627406451612903,6078.0,-0.0095333524224898
ridge,5,none,none,inverse_volatility,5,-0.0177170290656061,0.0200422282506634,-0.8818722403776801,-1.401681675938118,-0.0729454169991351,0.0255139841269841,0.0627406451612903,6078.0,-0.0095333524224899
ridge,5,none,none,inverse_volatility,10,-0.0254525216153106,0.0200507951014728,-1.2757601825982985,-2.0146573539748194,-0.0888920101819848,0.0498259841269841,0.0627406451612903,6078.0,-0.0095333524224899
ridge,5,none,none,inverse_volatility,20,-0.040742026557898,0.0200719504171451,-2.0621139321461213,-3.21077082341741,-0.1234150846232553,0.0984499841269841,0.0627406451612903,6078.0,-0.0095333524224899
ridge,5,none,none,inverse_volatility,50,-0.0851923292031641,0.020167413348604,-4.4042622029475496,-6.575129039261414,-0.2409730820899978,0.2443219841269841,0.0627406451612903,6078.0,-0.0095333524224899
ridge,5,none,none,prediction_magnitude,5,-0.0177170290656061,0.0200422282506634,-0.8818722403776801,-1.401681675938118,-0.0729454169991351,0.0255139841269841,0.0627406451612903,6078.0,-0.0095333524224899
ridge,5,none,none,prediction_magnitude,10,-0.0254525216153106,0.0200507951014728,-1.2757601825982985,-2.0146573539748194,-0.0888920101819848,0.0498259841269841,0.0627406451612903,6078.0,-0.0095333524224899
ridge,5,none,none,prediction_magnitude,20,-0.040742026557898,0.0200719504171451,-2.0621139321461213,-3.21077082341741,-0.1234150846232553,0.0984499841269841,0.0627406451612903,6078.0,-0.0095333524224899
ridge,5,none,none,prediction_magnitude,50,-0.0851923292031641,0.020167413348604,-4.4042622029475496,-6.575129039261414,-0.2409730820899978,0.2443219841269841,0.0627406451612903,6078.0,-0.0095333524224899
ridge,5,hard,none,equal,5,-0.0024190630397294,0.0064041450410271,-0.3749917331317436,-0.4910807426564849,-0.015810340010829,0.0057426349206349,0.0141212903225806,1368.0,-0.000554542042245
ridge,5,hard,none,equal,10,-0.0041924930827477,0.0064051398272153,-0.6527233037197575,-0.8546434669412274,-0.0191998116785736,0.0112146349206349,0.0141212903225806,1368.0,-0.000554542042245
ridge,5,hard,none,equal,20,-0.0077299467620725,0.0064084880276266,-1.207671631238661,-1.579034037441155,-0.0259639261533136,0.0221586349206349,0.0141212903225806,1368.0,-0.000554542042245
ridge,5,hard,none,equal,50,-0.0182674529808305,0.0064293675692206,-2.8642077896007594,-3.7148369647046184,-0.0564466837218902,0.0549906349206349,0.0141212903225806,1368.0,-0.000554542042245
ridge,5,hard,none,inverse_volatility,5,-0.0024190630397294,0.0064041450410271,-0.3749917331317436,-0.4910807426564849,-0.015810340010829,0.0057426349206349,0.0141212903225806,1368.0,-0.000554542042245
ridge,5,hard,none,inverse_volatility,10,-0.0041924930827477,0.0064051398272153,-0.6527233037197575,-0.8546434669412274,-0.0191998116785736,0.0112146349206349,0.0141212903225806,1368.0,-0.000554542042245
ridge,5,hard,none,inverse_volatility,20,-0.0077299467620725,0.0064084880276266,-1.207671631238661,-1.579034037441155,-0.0259639261533136,0.0221586349206349,0.0141212903225806,1368.0,-0.000554542042245
ridge,5,hard,none,inverse_volatility,50,-0.0182674529808305,0.0064293675692206,-2.8642077896007594,-3.7148369647046184,-0.0564466837218902,0.0549906349206349,0.0141212903225806,1368.0,-0.000554542042245
ridge,5,hard,none,prediction_magnitude,5,-0.0024190630397294,0.0064041450410271,-0.3749917331317436,-0.4910807426564849,-0.015810340010829,0.0057426349206349,0.0141212903225806,1368.0,-0.000554542042245
ridge,5,hard,none,prediction_magnitude,10,-0.0041924930827477,0.0064051398272153,-0.6527233037197575,-0.8546434669412274,-0.0191998116785736,0.0112146349206349,0.0141212903225806,1368.0,-0.000554542042245
ridge,5,hard,none,prediction_magnitude,20,-0.0077299467620725,0.0064084880276266,-1.207671631238661,-1.579034037441155,-0.0259639261533136,0.0221586349206349,0.0141212903225806,1368.0,-0.000554542042245
ridge,5,hard,none,prediction_magnitude,50,-0.0182674529808305,0.0064293675692206,-2.8642077896007594,-3.7148369647046184,-0.0564466837218902,0.0549906349206349,0.0141212903225806,1368.0,-0.000554542042245
xgboost,5,none,none,equal,5,-0.0060544588847879,0.0139337692553705,-0.4288755846277483,-0.6386404381824891,-0.0408296948848955,0.0172617301587301,0.0424464516129032,4112.0,-0.000459735688563
xgboost,5,none,none,equal,10,-0.0113564509710145,0.0139427386596935,-0.8121866596716306,-1.2036378072156162,-0.050439958452298,0.0337097301587301,0.0424464516129032,4112.0,-0.000459735688563
xgboost,5,none,none,equal,20,-0.0218761451519018,0.0139660150673585,-1.57672836803745,-2.30721289834662,-0.0718633663175233,0.0666057301587301,0.0424464516129032,4112.0,-0.000459735688563
xgboost,5,none,none,equal,50,-0.0527715158679947,0.0140781666758472,-3.843549434411062,-5.4429740770873,-0.1535239852190453,0.1652937301587301,0.0424464516129032,4112.0,-0.000459735688563
xgboost,5,none,none,inverse_volatility,5,-0.0060544588847879,0.0139337692553705,-0.4288755846277483,-0.638640438182489,-0.0408296948848955,0.0172617301587301,0.0424464516129032,4112.0,-0.000459735688563
xgboost,5,none,none,inverse_volatility,10,-0.0113564509710144,0.0139427386596935,-0.8121866596716306,-1.2036378072156164,-0.0504399584522978,0.0337097301587301,0.0424464516129032,4112.0,-0.000459735688563
xgboost,5,none,none,inverse_volatility,20,-0.0218761451519018,0.0139660150673585,-1.5767283680374502,-2.307212898346621,-0.0718633663175233,0.0666057301587301,0.0424464516129032,4112.0,-0.000459735688563
xgboost,5,none,none,inverse_volatility,50,-0.0527715158679948,0.0140781666758472,-3.843549434411063,-5.4429740770873005,-0.1535239852190455,0.1652937301587301,0.0424464516129032,4112.0,-0.000459735688563
xgboost,5,none,none,prediction_magnitude,5,-0.0060544588847879,0.0139337692553705,-0.4288755846277483,-0.638640438182489,-0.0408296948848955,0.0172617301587301,0.0424464516129032,4112.0,-0.000459735688563
xgboost,5,none,none,prediction_magnitude,10,-0.0113564509710144,0.0139427386596935,-0.8121866596716306,-1.2036378072156164,-0.0504399584522978,0.0337097301587301,0.0424464516129032,4112.0,-0.000459735688563
xgboost,5,none,none,prediction_magnitude,20,-0.0218761451519018,0.0139660150673585,-1.5767283680374502,-2.307212898346621,-0.0718633663175233,0.0666057301587301,0.0424464516129032,4112.0,-0.000459735688563
xgboost,5,none,none,prediction_magnitude,50,-0.0527715158679948,0.0140781666758472,-3.843549434411063,-5.4429740770873005,-0.1535239852190455,0.1652937301587301,0.0424464516129032,4112.0,-0.000459735688563
xgboost,5,hard,none,equal,5,0.0001013655781898,0.0043837565380813,0.025310521348471,0.0357101114231439,-0.0087066547101976,0.0047606031746031,0.0117058064516129,1134.0,0.0016506717505553
xgboost,5,hard,none,equal,10,-0.001372630070732,0.004383296592718,-0.3111759427198184,-0.4369938813002741,-0.0117156843753956,0.0092966031746031,0.0117058064516129,1134.0,0.0016506717505553
xgboost,5,hard,none,equal,20,-0.0043141483629483,0.0043858938041159,-0.9835713922707656,-1.3733878239192685,-0.0177064591997909,0.0183686031746031,0.0117058064516129,1134.0,0.0016506717505553
xgboost,5,hard,none,equal,50,-0.0130871448085652,0.0044216639584791,-2.9770307007258276,-4.060132871931003,-0.0406078796707797,0.0455846031746031,0.0117058064516129,1134.0,0.0016506717505553
xgboost,5,hard,none,inverse_volatility,5,0.0001013655781898,0.0043837565380813,0.0253105213484711,0.035710111423144,-0.0087066547101976,0.0047606031746031,0.0117058064516129,1134.0,0.0016506717505553
xgboost,5,hard,none,inverse_volatility,10,-0.001372630070732,0.004383296592718,-0.3111759427198184,-0.4369938813002741,-0.0117156843753956,0.0092966031746031,0.0117058064516129,1134.0,0.0016506717505553
xgboost,5,hard,none,inverse_volatility,20,-0.0043141483629483,0.0043858938041159,-0.9835713922707656,-1.3733878239192685,-0.0177064591997909,0.0183686031746031,0.0117058064516129,1134.0,0.0016506717505553
xgboost,5,hard,none,inverse_volatility,50,-0.0130871448085652,0.0044216639584791,-2.9770307007258276,-4.060132871931003,-0.0406078796707797,0.0455846031746031,0.0117058064516129,1134.0,0.0016506717505553
xgboost,5,hard,none,prediction_magnitude,5,0.0001013655781898,0.0043837565380813,0.0253105213484711,0.035710111423144,-0.0087066547101976,0.0047606031746031,0.0117058064516129,1134.0,0.0016506717505553
xgboost,5,hard,none,prediction_magnitude,10,-0.001372630070732,0.004383296592718,-0.3111759427198184,-0.4369938813002741,-0.0117156843753956,0.0092966031746031,0.0117058064516129,1134.0,0.0016506717505553
xgboost,5,hard,none,prediction_magnitude,20,-0.0043141483629483,0.0043858938041159,-0.9835713922707656,-1.3733878239192685,-0.0177064591997909,0.0183686031746031,0.0117058064516129,1134.0,0.0016506717505553
xgboost,5,hard,none,prediction_magnitude,50,-0.0130871448085652,0.0044216639584791,-2.9770307007258276,-4.060132871931003,-0.0406078796707797,0.0455846031746031,0.0117058064516129,1134.0,0.0016506717505553
lightgbm,5,none,none,equal,5,-0.0042118252555592,0.0131785357294454,-0.3136885416927079,-0.4456733267223591,-0.0301753021663366,0.0169260158730158,0.0416206451612903,4032.0,0.001283896943836
lightgbm,5,none,none,equal,10,-0.0094205127032158,0.0131861271091603,-0.7112139043785338,-1.0055432298526616,-0.0404865727951608,0.0330540158730158,0.0416206451612903,4032.0,0.001283896943836
lightgbm,5,none,none,equal,20,-0.0197566899293673,0.0132070479124633,-1.5042392256966672,-2.104667741935426,-0.0622190023143516,0.0653100158730158,0.0416206451612903,4032.0,0.001283896943836
lightgbm,5,none,none,equal,50,-0.0501256612392283,0.0133153159388109,-3.855091948505576,-5.20936512569432,-0.1464206110029816,0.1620780158730159,0.0416206451612903,4032.0,0.001283896943836
lightgbm,5,none,none,inverse_volatility,5,-0.0042118252555592,0.0131785357294454,-0.3136885416927078,-0.445673326722359,-0.0301753021663366,0.0169260158730158,0.0416206451612903,4032.0,0.0012838969438357
lightgbm,5,none,none,inverse_volatility,10,-0.0094205127032159,0.0131861271091603,-0.7112139043785337,-1.0055432298526616,-0.0404865727951608,0.0330540158730158,0.0416206451612903,4032.0,0.0012838969438357
lightgbm,5,none,none,inverse_volatility,20,-0.0197566899293673,0.0132070479124633,-1.5042392256966677,-2.1046677419354265,-0.0622190023143516,0.0653100158730158,0.0416206451612903,4032.0,0.0012838969438357
lightgbm,5,none,none,inverse_volatility,50,-0.0501256612392284,0.0133153159388109,-3.855091948505577,-5.209365125694321,-0.1464206110029817,0.1620780158730159,0.0416206451612903,4032.0,0.0012838969438357
lightgbm,5,none,none,prediction_magnitude,5,-0.0042118252555592,0.0131785357294454,-0.3136885416927078,-0.445673326722359,-0.0301753021663366,0.0169260158730158,0.0416206451612903,4032.0,0.0012838969438357
lightgbm,5,none,none,prediction_magnitude,10,-0.0094205127032159,0.0131861271091603,-0.7112139043785337,-1.0055432298526616,-0.0404865727951608,0.0330540158730158,0.0416206451612903,4032.0,0.0012838969438357
lightgbm,5,none,none,prediction_magnitude,20,-0.0197566899293673,0.0132070479124633,-1.5042392256966677,-2.1046677419354265,-0.0622190023143516,0.0653100158730158,0.0416206451612903,4032.0,0.0012838969438357
lightgbm,5,none,none,prediction_magnitude,50,-0.0501256612392284,0.0133153159388109,-3.855091948505577,-5.209365125694321,-0.1464206110029817,0.1620780158730159,0.0416206451612903,4032.0,0.0012838969438357
lightgbm,5,hard,none,equal,5,-0.0001505367722902,0.0041919538006808,-0.0338205033350825,-0.0467065946811147,-0.0077527349533417,0.0050292222222222,0.0123664516129032,1198.0,0.0014858598408122
lightgbm,5,hard,none,equal,10,-0.0017072746230383,0.0041935834638467,-0.40536856017715,-0.5570527913480664,-0.0111005041975932,0.0098212222222222,0.0123664516129032,1198.0,0.0014858598408122
lightgbm,5,hard,none,equal,20,-0.004813527378925,0.0042006527225939,-1.1465581697026632,-1.561074905919787,-0.0193583968557905,0.0194052222222222,0.0123664516129032,1198.0,0.0014858598408122
lightgbm,5,hard,none,equal,50,-0.0140747680914756,0.004252009522568,-3.3314436483137015,-4.410715482110134,-0.0437635363412586,0.0481572222222222,0.0123664516129032,1198.0,0.0014858598408122
lightgbm,5,hard,none,inverse_volatility,5,-0.0001505367722902,0.0041919538006808,-0.0338205033350826,-0.0467065946811147,-0.0077527349533417,0.0050292222222222,0.0123664516129032,1198.0,0.0014858598408122
lightgbm,5,hard,none,inverse_volatility,10,-0.0017072746230383,0.0041935834638467,-0.4053685601771502,-0.5570527913480666,-0.0111005041975932,0.0098212222222222,0.0123664516129032,1198.0,0.0014858598408122
lightgbm,5,hard,none,inverse_volatility,20,-0.004813527378925,0.0042006527225939,-1.1465581697026632,-1.5610749059197868,-0.0193583968557905,0.0194052222222222,0.0123664516129032,1198.0,0.0014858598408122
lightgbm,5,hard,none,inverse_volatility,50,-0.0140747680914756,0.004252009522568,-3.3314436483137015,-4.410715482110134,-0.0437635363412586,0.0481572222222222,0.0123664516129032,1198.0,0.0014858598408122
lightgbm,5,hard,none,prediction_magnitude,5,-0.0001505367722902,0.0041919538006808,-0.0338205033350826,-0.0467065946811147,-0.0077527349533417,0.0050292222222222,0.0123664516129032,1198.0,0.0014858598408122
lightgbm,5,hard,none,prediction_magnitude,10,-0.0017072746230383,0.0041935834638467,-0.4053685601771502,-0.5570527913480666,-0.0111005041975932,0.0098212222222222,0.0123664516129032,1198.0,0.0014858598408122
lightgbm,5,hard,none,prediction_magnitude,20,-0.004813527378925,0.0042006527225939,-1.1465581697026632,-1.5610749059197868,-0.0193583968557905,0.0194052222222222,0.0123664516129032,1198.0,0.0014858598408122
lightgbm,5,hard,none,prediction_magnitude,50,-0.0140747680914756,0.004252009522568,-3.3314436483137015,-4.410715482110134,-0.0437635363412586,0.0481572222222222,0.0123664516129032,1198.0,0.0014858598408122
elastic_net,5,none,none,equal,5,-0.0156607012066434,0.0193674145633118,-0.8053151160711504,-1.263813020686568,-0.063897895425685,0.0242964444444444,0.0597470967741935,5788.0,-0.0078528493068623
elastic_net,5,none,none,equal,10,-0.0230438528817612,0.0193757825546816,-1.1935004862558392,-1.8611769985173463,-0.0793896014099976,0.0474484444444444,0.0597470967741935,5788.0,-0.0078528493068623
elastic_net,5,none,none,equal,20,-0.0376451576569893,0.0193963231205645,-1.9684800078018796,-3.0331982897884835,-0.1150671776453502,0.0937524444444444,0.0597470967741935,5788.0,-0.0078528493068623
elastic_net,5,none,none,equal,50,-0.0801582196253116,0.0194882148405865,-4.276947895473748,-6.315730415423834,-0.2284820081701724,0.2326644444444444,0.0597470967741935,5788.0,-0.0078528493068623
elastic_net,5,none,none,inverse_volatility,5,-0.0156607012066434,0.0193674145633118,-0.8053151160711504,-1.263813020686568,-0.063897895425685,0.0242964444444444,0.0597470967741935,5788.0,-0.0078528493068623
elastic_net,5,none,none,inverse_volatility,10,-0.0230438528817612,0.0193757825546816,-1.1935004862558392,-1.8611769985173467,-0.0793896014099976,0.0474484444444444,0.0597470967741935,5788.0,-0.0078528493068623
elastic_net,5,none,none,inverse_volatility,20,-0.0376451576569893,0.0193963231205645,-1.96848000780188,-3.033198289788484,-0.1150671776453502,0.0937524444444444,0.0597470967741935,5788.0,-0.0078528493068623
elastic_net,5,none,none,inverse_volatility,50,-0.0801582196253116,0.0194882148405865,-4.276947895473749,-6.315730415423835,-0.2284820081701724,0.2326644444444444,0.0597470967741935,5788.0,-0.0078528493068623
elastic_net,5,none,none,prediction_magnitude,5,-0.0156607012066434,0.0193674145633118,-0.8053151160711504,-1.263813020686568,-0.063897895425685,0.0242964444444444,0.0597470967741935,5788.0,-0.0078528493068623
elastic_net,5,none,none,prediction_magnitude,10,-0.0230438528817612,0.0193757825546816,-1.1935004862558392,-1.8611769985173467,-0.0793896014099976,0.0474484444444444,0.0597470967741935,5788.0,-0.0078528493068623
elastic_net,5,none,none,prediction_magnitude,20,-0.0376451576569893,0.0193963231205645,-1.96848000780188,-3.033198289788484,-0.1150671776453502,0.0937524444444444,0.0597470967741935,5788.0,-0.0078528493068623
elastic_net,5,none,none,prediction_magnitude,50,-0.0801582196253116,0.0194882148405865,-4.276947895473749,-6.315730415423835,-0.2284820081701724,0.2326644444444444,0.0597470967741935,5788.0,-0.0078528493068623
elastic_net,5,hard,none,equal,5,-0.0020932005838778,0.0060887899249912,-0.3410977020708723,-0.4455912127689703,-0.0142100490887894,0.0053731746031746,0.0132129032258064,1280.0,-0.0003481733159986
elastic_net,5,hard,none,equal,10,-0.0037531847166433,0.0060897553379834,-0.6144250221220612,-0.8024556830091855,-0.0172928567709433,0.0104931746031746,0.0132129032258064,1280.0,-0.0003481733159986
elastic_net,5,hard,none,equal,20,-0.0070649146955552,0.0060930655945546,-1.1605569579755108,-1.5135966891433388,-0.0235029273785599,0.0207331746031746,0.0132129032258064,1280.0,-0.0003481733159986
elastic_net,5,hard,none,equal,50,-0.0169345232167055,0.0061139955855327,-2.7903691246097995,-3.606481249173303,-0.0524523460960939,0.0514531746031746,0.0132129032258064,1280.0,-0.0003481733159986
elastic_net,5,hard,none,inverse_volatility,5,-0.0020932005838778,0.0060887899249912,-0.3410977020708723,-0.4455912127689703,-0.0142100490887894,0.0053731746031746,0.0132129032258064,1280.0,-0.0003481733159986
elastic_net,5,hard,none,inverse_volatility,10,-0.0037531847166433,0.0060897553379834,-0.6144250221220612,-0.8024556830091855,-0.0172928567709433,0.0104931746031746,0.0132129032258064,1280.0,-0.0003481733159986
elastic_net,5,hard,none,inverse_volatility,20,-0.0070649146955552,0.0060930655945546,-1.1605569579755108,-1.5135966891433388,-0.0235029273785599,0.0207331746031746,0.0132129032258064,1280.0,-0.0003481733159986
elastic_net,5,hard,none,inverse_volatility,50,-0.0169345232167055,0.0061139955855327,-2.7903691246097995,-3.606481249173303,-0.0524523460960939,0.0514531746031746,0.0132129032258064,1280.0,-0.0003481733159986
elastic_net,5,hard,none,prediction_magnitude,5,-0.0020932005838778,0.0060887899249912,-0.3410977020708723,-0.4455912127689703,-0.0142100490887894,0.0053731746031746,0.0132129032258064,1280.0,-0.0003481733159986
elastic_net,5,hard,none,prediction_magnitude,10,-0.0037531847166433,0.0060897553379834,-0.6144250221220612,-0.8024556830091855,-0.0172928567709433,0.0104931746031746,0.0132129032258064,1280.0,-0.0003481733159986
elastic_net,5,hard,none,prediction_magnitude,20,-0.0070649146955552,0.0060930655945546,-1.1605569579755108,-1.5135966891433388,-0.0235029273785599,0.0207331746031746,0.0132129032258064,1280.0,-0.0003481733159986
elastic_net,5,hard,none,prediction_magnitude,50,-0.0169345232167055,0.0061139955855327,-2.7903691246097995,-3.606481249173303,-0.0524523460960939,0.0514531746031746,0.0132129032258064,1280.0,-0.0003481733159986
random_forest,5,none,none,equal,5,-0.0001629154336599,0.0063902370771093,-0.0223052039593396,-0.0279487794600571,-0.0150450744263906,0.0087646984126984,0.0215535483870967,2088.0,0.0026906485060447
random_forest,5,none,none,equal,10,-0.0028746031035341,0.0063980730054796,-0.446741172799948,-0.5580575406718038,-0.0215521201283107,0.0171166984126984,0.0215535483870967,2088.0,0.0026906485060447
random_forest,5,none,none,equal,20,-0.0082760658566442,0.0064205947964058,-1.2911228779484036,-1.6019487535748471,-0.0344378526195406,0.0338206984126984,0.0215535483870967,2088.0,0.0026906485060447
random_forest,5,none,none,equal,50,-0.0243065575055752,0.0065418955929561,-3.7579718390479817,-4.568308039342428,-0.0737646154441582,0.0839326984126984,0.0215535483870967,2088.0,0.0026906485060447
random_forest,5,none,none,inverse_volatility,5,-0.0001629154336599,0.0063902370771093,-0.0223052039593397,-0.0279487794600572,-0.0150450744263906,0.0087646984126984,0.0215535483870967,2088.0,0.0026906485060447
random_forest,5,none,none,inverse_volatility,10,-0.0028746031035341,0.0063980730054796,-0.446741172799948,-0.5580575406718039,-0.0215521201283107,0.0171166984126984,0.0215535483870967,2088.0,0.0026906485060447
random_forest,5,none,none,inverse_volatility,20,-0.0082760658566442,0.0064205947964058,-1.2911228779484036,-1.6019487535748471,-0.0344378526195406,0.0338206984126984,0.0215535483870967,2088.0,0.0026906485060447
random_forest,5,none,none,inverse_volatility,50,-0.0243065575055752,0.0065418955929561,-3.757971839047981,-4.568308039342427,-0.0737646154441582,0.0839326984126984,0.0215535483870967,2088.0,0.0026906485060447
random_forest,5,none,none,prediction_magnitude,5,-0.0001629154336599,0.0063902370771093,-0.0223052039593397,-0.0279487794600572,-0.0150450744263906,0.0087646984126984,0.0215535483870967,2088.0,0.0026906485060447
random_forest,5,none,none,prediction_magnitude,10,-0.0028746031035341,0.0063980730054796,-0.446741172799948,-0.5580575406718039,-0.0215521201283107,0.0171166984126984,0.0215535483870967,2088.0,0.0026906485060447
random_forest,5,none,none,prediction_magnitude,20,-0.0082760658566442,0.0064205947964058,-1.2911228779484036,-1.6019487535748471,-0.0344378526195406,0.0338206984126984,0.0215535483870967,2088.0,0.0026906485060447
random_forest,5,none,none,prediction_magnitude,50,-0.0243065575055752,0.0065418955929561,-3.757971839047981,-4.568308039342427,-0.0737646154441582,0.0839326984126984,0.0215535483870967,2088.0,0.0026906485060447
random_forest,5,hard,none,equal,5,0.0010152983467477,0.0027373485303598,0.3720851573992128,0.3979768550978682,-0.0036644934126887,0.0027541587301587,0.0067716129032258,656.0,0.0019121568272828
random_forest,5,hard,none,equal,10,0.0001615643620263,0.0027412585310491,0.0603020587429735,0.0647947079062941,-0.0044157573853323,0.0053781587301587,0.0067716129032258,656.0,0.0019121568272828
random_forest,5,hard,none,equal,20,-0.0015437390923395,0.00275291758628,-0.5598216693171675,-0.6072371636500893,-0.0084660819213321,0.0106261587301587,0.0067716129032258,656.0,0.0019121568272828
random_forest,5,hard,none,equal,50,-0.0066423768090634,0.0028178785370321,-2.363651302194687,-2.5733180579897166,-0.0222540538711757,0.0263701587301587,0.0067716129032258,656.0,0.0019121568272828
random_forest,5,hard,none,inverse_volatility,5,0.0010152983467477,0.0027373485303598,0.3720851573992128,0.3979768550978682,-0.0036644934126887,0.0027541587301587,0.0067716129032258,656.0,0.0019121568272828
random_forest,5,hard,none,inverse_volatility,10,0.0001615643620263,0.0027412585310491,0.0603020587429735,0.0647947079062941,-0.0044157573853323,0.0053781587301587,0.0067716129032258,656.0,0.0019121568272828
random_forest,5,hard,none,inverse_volatility,20,-0.0015437390923395,0.00275291758628,-0.5598216693171675,-0.6072371636500893,-0.0084660819213321,0.0106261587301587,0.0067716129032258,656.0,0.0019121568272828
random_forest,5,hard,none,inverse_volatility,50,-0.0066423768090634,0.0028178785370321,-2.363651302194687,-2.5733180579897166,-0.0222540538711757,0.0263701587301587,0.0067716129032258,656.0,0.0019121568272828
random_forest,5,hard,none,prediction_magnitude,5,0.0010152983467477,0.0027373485303598,0.3720851573992128,0.3979768550978682,-0.0036644934126887,0.0027541587301587,0.0067716129032258,656.0,0.0019121568272828
random_forest,5,hard,none,prediction_magnitude,10,0.0001615643620263,0.0027412585310491,0.0603020587429735,0.0647947079062941,-0.0044157573853323,0.0053781587301587,0.0067716129032258,656.0,0.0019121568272828
random_forest,5,hard,none,prediction_magnitude,20,-0.0015437390923395,0.00275291758628,-0.5598216693171675,-0.6072371636500893,-0.0084660819213321,0.0106261587301587,0.0067716129032258,656.0,0.0019121568272828
random_forest,5,hard,none,prediction_magnitude,50,-0.0066423768090634,0.0028178785370321,-2.363651302194687,-2.5733180579897166,-0.0222540538711757,0.0263701587301587,0.0067716129032258,656.0,0.0019121568272828
ridge,10,none,none,equal,5,-0.0032260723482969,0.0241674083761724,-0.1216407189696745,-0.1944477967117878,-0.0459014719373006,0.0173573412698412,0.0407741935483871,7900.0,0.0024156793250218
ridge,10,none,none,equal,10,-0.0083341443132133,0.0241718323329527,-0.3341612338836467,-0.5324328086299124,-0.0562912231243813,0.0331573412698412,0.0407741935483871,7900.0,0.0024156793250218
ridge,10,none,none,equal,20,-0.0184722156264633,0.0241813236171181,-0.7589487813979666,-1.1989472421779628,-0.078324716177454,0.0647573412698412,0.0407741935483871,7900.0,0.0024156793250218
ridge,10,none,none,equal,50,-0.0482713033464883,0.0242149348433209,-2.0308820458357224,-3.152732492236564,-0.1447104493843987,0.1595573412698412,0.0407741935483871,7900.0,0.0024156793250218
ridge,10,none,none,inverse_volatility,5,-0.0032260723482969,0.0241674083761724,-0.1216407189696746,-0.1944477967117879,-0.0459014719373006,0.0173573412698412,0.0407741935483871,7900.0,0.0024156793250218
ridge,10,none,none,inverse_volatility,10,-0.0083341443132133,0.0241718323329527,-0.3341612338836469,-0.5324328086299127,-0.0562912231243815,0.0331573412698412,0.0407741935483871,7900.0,0.0024156793250218
ridge,10,none,none,inverse_volatility,20,-0.0184722156264633,0.0241813236171181,-0.7589487813979667,-1.1989472421779628,-0.078324716177454,0.0647573412698412,0.0407741935483871,7900.0,0.0024156793250218
ridge,10,none,none,inverse_volatility,50,-0.0482713033464883,0.0242149348433209,-2.030882045835723,-3.1527324922365643,-0.1447104493843987,0.1595573412698412,0.0407741935483871,7900.0,0.0024156793250218
ridge,10,none,none,prediction_magnitude,5,-0.0032260723482969,0.0241674083761724,-0.1216407189696746,-0.1944477967117879,-0.0459014719373006,0.0173573412698412,0.0407741935483871,7900.0,0.0024156793250218
ridge,10,none,none,prediction_magnitude,10,-0.0083341443132133,0.0241718323329527,-0.3341612338836469,-0.5324328086299127,-0.0562912231243815,0.0331573412698412,0.0407741935483871,7900.0,0.0024156793250218
ridge,10,none,none,prediction_magnitude,20,-0.0184722156264633,0.0241813236171181,-0.7589487813979667,-1.1989472421779628,-0.078324716177454,0.0647573412698412,0.0407741935483871,7900.0,0.0024156793250218
ridge,10,none,none,prediction_magnitude,50,-0.0482713033464883,0.0242149348433209,-2.030882045835723,-3.1527324922365643,-0.1447104493843987,0.1595573412698412,0.0407741935483871,7900.0,0.0024156793250218
ridge,10,hard,none,equal,5,-0.0009628806242177,0.0063863206033846,-0.1476553937525525,-0.1897049156732565,-0.0111366618415968,0.0036342698412698,0.0085367741935483,1654.0,0.0002184148546551
ridge,10,hard,none,equal,10,-0.0020369169857304,0.0063878499940428,-0.3160074569052825,-0.4062677665872271,-0.0118049948785293,0.0069422698412698,0.0085367741935483,1654.0,0.0002184148546551
ridge,10,hard,none,equal,20,-0.0041815427523455,0.0063912353706168,-0.6524365144890035,-0.8384383152950042,-0.0152765969097803,0.0135582698412698,0.0085367741935483,1654.0,0.0002184148546551
ridge,10,hard,none,equal,50,-0.0105879323943884,0.0064039975473387,-1.6589132866269558,-2.133291555995851,-0.0322611002747968,0.0334062698412698,0.0085367741935483,1654.0,0.0002184148546551
ridge,10,hard,none,inverse_volatility,5,-0.0009628806242177,0.0063863206033846,-0.1476553937525526,-0.1897049156732565,-0.0111366618415968,0.0036342698412698,0.0085367741935483,1654.0,0.0002184148546551
ridge,10,hard,none,inverse_volatility,10,-0.0020369169857306,0.0063878499940428,-0.3160074569052825,-0.4062677665872271,-0.0118049948785294,0.0069422698412698,0.0085367741935483,1654.0,0.0002184148546551
ridge,10,hard,none,inverse_volatility,20,-0.0041815427523455,0.0063912353706168,-0.6524365144890035,-0.8384383152950042,-0.0152765969097803,0.0135582698412698,0.0085367741935483,1654.0,0.0002184148546551
ridge,10,hard,none,inverse_volatility,50,-0.0105879323943884,0.0064039975473387,-1.6589132866269558,-2.133291555995851,-0.0322611002747968,0.0334062698412698,0.0085367741935483,1654.0,0.0002184148546551
ridge,10,hard,none,prediction_magnitude,5,-0.0009628806242177,0.0063863206033846,-0.1476553937525526,-0.1897049156732565,-0.0111366618415968,0.0036342698412698,0.0085367741935483,1654.0,0.0002184148546551
ridge,10,hard,none,prediction_magnitude,10,-0.0020369169857306,0.0063878499940428,-0.3160074569052825,-0.4062677665872271,-0.0118049948785294,0.0069422698412698,0.0085367741935483,1654.0,0.0002184148546551
ridge,10,hard,none,prediction_magnitude,20,-0.0041815427523455,0.0063912353706168,-0.6524365144890035,-0.8384383152950042,-0.0152765969097803,0.0135582698412698,0.0085367741935483,1654.0,0.0002184148546551
ridge,10,hard,none,prediction_magnitude,50,-0.0105879323943884,0.0064039975473387,-1.6589132866269558,-2.133291555995851,-0.0322611002747968,0.0334062698412698,0.0085367741935483,1654.0,0.0002184148546551
xgboost,10,none,none,equal,5,-0.0114335643181082,0.0178148208382576,-0.6365855669234058,-0.8932164931462191,-0.052876218042336,0.0131824206349206,0.0309677419354838,6000.0,-0.0071868249971368
xgboost,10,none,none,equal,10,-0.0152836647111521,0.0178196964369805,-0.8553789544472684,-1.1975286360068282,-0.0601477469424421,0.0251824206349206,0.0309677419354838,6000.0,-0.0071868249971368
xgboost,10,none,none,equal,20,-0.0229391451340716,0.017831066965052,-1.2924893569041005,-1.8019764262795417,-0.0771249596988189,0.0491824206349206,0.0309677419354838,6000.0,-0.0071868249971368
xgboost,10,none,none,equal,50,-0.045551942819618,0.017878091717738,-2.598603805780104,-3.5633583771912347,-0.1354100079869619,0.1211824206349206,0.0309677419354838,6000.0,-0.0071868249971368
xgboost,10,none,none,inverse_volatility,5,-0.0114335643181082,0.0178148208382576,-0.6365855669234058,-0.893216493146219,-0.052876218042336,0.0131824206349206,0.0309677419354838,6000.0,-0.0071868249971368
xgboost,10,none,none,inverse_volatility,10,-0.0152836647111521,0.0178196964369805,-0.8553789544472684,-1.1975286360068282,-0.0601477469424421,0.0251824206349206,0.0309677419354838,6000.0,-0.0071868249971368
xgboost,10,none,none,inverse_volatility,20,-0.0229391451340716,0.017831066965052,-1.2924893569041007,-1.801976426279542,-0.0771249596988189,0.0491824206349206,0.0309677419354838,6000.0,-0.0071868249971368
xgboost,10,none,none,inverse_volatility,50,-0.045551942819618,0.017878091717738,-2.598603805780104,-3.5633583771912347,-0.1354100079869619,0.1211824206349206,0.0309677419354838,6000.0,-0.0071868249971368
xgboost,10,none,none,prediction_magnitude,5,-0.0114335643181082,0.0178148208382576,-0.6365855669234058,-0.893216493146219,-0.052876218042336,0.0131824206349206,0.0309677419354838,6000.0,-0.0071868249971368
xgboost,10,none,none,prediction_magnitude,10,-0.0152836647111521,0.0178196964369805,-0.8553789544472684,-1.1975286360068282,-0.0601477469424421,0.0251824206349206,0.0309677419354838,6000.0,-0.0071868249971368
xgboost,10,none,none,prediction_magnitude,20,-0.0229391451340716,0.017831066965052,-1.2924893569041007,-1.801976426279542,-0.0771249596988189,0.0491824206349206,0.0309677419354838,6000.0,-0.0071868249971368
xgboost,10,none,none,prediction_magnitude,50,-0.045551942819618,0.017878091717738,-2.598603805780104,-3.5633583771912347,-0.1354100079869619,0.1211824206349206,0.0309677419354838,6000.0,-0.0071868249971368
xgboost,10,hard,none,equal,5,-0.0015725693519462,0.0047653877065298,-0.3278772751353463,-0.4332768033316408,-0.0108432469056359,0.0031769999999999,0.0074632258064516,1446.0,-0.0005406138780954
xgboost,10,hard,none,equal,10,-0.0025110300841751,0.0047667983517744,-0.5250544711759587,-0.6938685464372607,-0.0126131407050265,0.006069,0.0074632258064516,1446.0,-0.0005406138780954
xgboost,10,hard,none,equal,20,-0.0043853199059378,0.0047703211953963,-0.918923802290216,-1.2139409859259334,-0.0169128707218683,0.0118529999999999,0.0074632258064516,1446.0,-0.0005406138780954
xgboost,10,hard,none,equal,50,-0.0099871948990167,0.0047864804782574,-2.094599663832038,-2.740994187339418,-0.0315141191738361,0.029205,0.0074632258064516,1446.0,-0.0005406138780954
xgboost,10,hard,none,inverse_volatility,5,-0.0015725693519462,0.0047653877065298,-0.3278772751353463,-0.4332768033316408,-0.0108432469056359,0.0031769999999999,0.0074632258064516,1446.0,-0.0005406138780954
xgboost,10,hard,none,inverse_volatility,10,-0.0025110300841751,0.0047667983517744,-0.5250544711759587,-0.6938685464372606,-0.0126131407050265,0.006069,0.0074632258064516,1446.0,-0.0005406138780954
xgboost,10,hard,none,inverse_volatility,20,-0.0043853199059378,0.0047703211953963,-0.9189238022902158,-1.2139409859259334,-0.0169128707218683,0.0118529999999999,0.0074632258064516,1446.0,-0.0005406138780954
xgboost,10,hard,none,inverse_volatility,50,-0.0099871948990167,0.0047864804782574,-2.094599663832038,-2.7409941873394184,-0.0315141191738361,0.029205,0.0074632258064516,1446.0,-0.0005406138780954
xgboost,10,hard,none,prediction_magnitude,5,-0.0015725693519462,0.0047653877065298,-0.3278772751353463,-0.4332768033316408,-0.0108432469056359,0.0031769999999999,0.0074632258064516,1446.0,-0.0005406138780954
xgboost,10,hard,none,prediction_magnitude,10,-0.0025110300841751,0.0047667983517744,-0.5250544711759587,-0.6938685464372606,-0.0126131407050265,0.006069,0.0074632258064516,1446.0,-0.0005406138780954
xgboost,10,hard,none,prediction_magnitude,20,-0.0043853199059378,0.0047703211953963,-0.9189238022902158,-1.2139409859259334,-0.0169128707218683,0.0118529999999999,0.0074632258064516,1446.0,-0.0005406138780954
xgboost,10,hard,none,prediction_magnitude,50,-0.0099871948990167,0.0047864804782574,-2.094599663832038,-2.7409941873394184,-0.0315141191738361,0.029205,0.0074632258064516,1446.0,-0.0005406138780954
lightgbm,10,none,none,equal,5,-0.0103019826829716,0.0174871017916337,-0.5834283283050908,-0.8181863585676921,-0.0485613964447463,0.0132527698412698,0.0311329032258064,6032.0,-0.0060276451680713
lightgbm,10,none,none,equal,10,-0.0141770064734381,0.0174930601151831,-0.8074754376099968,-1.1297494292062176,-0.0572435096944758,0.0253167698412698,0.0311329032258064,6032.0,-0.0060276451680713
lightgbm,10,none,none,equal,20,-0.0218818047023323,0.0175066283795048,-1.2549936805804385,-1.747817941503424,-0.075785235842784,0.0494447698412698,0.0311329032258064,6032.0,-0.0060276451680713
lightgbm,10,none,none,equal,50,-0.0446383947286581,0.0175604955092475,-2.591452091957992,-3.5614185565240684,-0.1328086386244154,0.1218287698412698,0.0311329032258064,6032.0,-0.0060276451680713
lightgbm,10,none,none,inverse_volatility,5,-0.0103019826829716,0.0174871017916337,-0.5834283283050907,-0.818186358567692,-0.0485613964447463,0.0132527698412698,0.0311329032258064,6032.0,-0.0060276451680713
lightgbm,10,none,none,inverse_volatility,10,-0.0141770064734381,0.0174930601151831,-0.8074754376099972,-1.1297494292062178,-0.0572435096944758,0.0253167698412698,0.0311329032258064,6032.0,-0.0060276451680713
lightgbm,10,none,none,inverse_volatility,20,-0.0218818047023323,0.0175066283795048,-1.2549936805804387,-1.7478179415034247,-0.075785235842784,0.0494447698412698,0.0311329032258064,6032.0,-0.0060276451680713
lightgbm,10,none,none,inverse_volatility,50,-0.0446383947286581,0.0175604955092475,-2.591452091957992,-3.561418556524068,-0.1328086386244154,0.1218287698412698,0.0311329032258064,6032.0,-0.0060276451680713
lightgbm,10,none,none,prediction_magnitude,5,-0.0103019826829716,0.0174871017916337,-0.5834283283050907,-0.818186358567692,-0.0485613964447463,0.0132527698412698,0.0311329032258064,6032.0,-0.0060276451680713
lightgbm,10,none,none,prediction_magnitude,10,-0.0141770064734381,0.0174930601151831,-0.8074754376099972,-1.1297494292062178,-0.0572435096944758,0.0253167698412698,0.0311329032258064,6032.0,-0.0060276451680713
lightgbm,10,none,none,prediction_magnitude,20,-0.0218818047023323,0.0175066283795048,-1.2549936805804387,-1.7478179415034247,-0.075785235842784,0.0494447698412698,0.0311329032258064,6032.0,-0.0060276451680713
lightgbm,10,none,none,prediction_magnitude,50,-0.0446383947286581,0.0175604955092475,-2.591452091957992,-3.561418556524068,-0.1328086386244154,0.1218287698412698,0.0311329032258064,6032.0,-0.0060276451680713
lightgbm,10,hard,none,equal,5,-0.0023260080869589,0.0048686475200011,-0.475875523894024,-0.6393020398984426,-0.0135626207246447,0.0031991031746031,0.0075148387096774,1456.0,-0.0012876538865913
lightgbm,10,hard,none,equal,10,-0.0032702419772644,0.0048692997298064,-0.6702688369493595,-0.8986379302451609,-0.0155276940697752,0.0061111031746031,0.0075148387096774,1456.0,-0.0012876538865913
lightgbm,10,hard,none,equal,20,-0.0051560437731333,0.0048713310653459,-1.0587412664648463,-1.4138070896388475,-0.0197863191061704,0.0119351031746031,0.0075148387096774,1456.0,-0.0012876538865913
lightgbm,10,hard,none,equal,50,-0.0107921811216915,0.0048832262673296,-2.2195771182106476,-2.9231375346669046,-0.0342676035590515,0.0294071031746031,0.0075148387096774,1456.0,-0.0012876538865913
lightgbm,10,hard,none,inverse_volatility,5,-0.0023260080869589,0.0048686475200011,-0.475875523894024,-0.6393020398984426,-0.0135626207246447,0.0031991031746031,0.0075148387096774,1456.0,-0.0012876538865913
lightgbm,10,hard,none,inverse_volatility,10,-0.0032702419772644,0.0048692997298064,-0.6702688369493595,-0.8986379302451609,-0.0155276940697752,0.0061111031746031,0.0075148387096774,1456.0,-0.0012876538865913
lightgbm,10,hard,none,inverse_volatility,20,-0.0051560437731333,0.0048713310653459,-1.0587412664648463,-1.4138070896388475,-0.0197863191061704,0.0119351031746031,0.0075148387096774,1456.0,-0.0012876538865913
lightgbm,10,hard,none,inverse_volatility,50,-0.0107921811216915,0.0048832262673296,-2.2195771182106476,-2.923137534666904,-0.0342676035590515,0.0294071031746031,0.0075148387096774,1456.0,-0.0012876538865913
lightgbm,10,hard,none,prediction_magnitude,5,-0.0023260080869589,0.0048686475200011,-0.475875523894024,-0.6393020398984426,-0.0135626207246447,0.0031991031746031,0.0075148387096774,1456.0,-0.0012876538865913
lightgbm,10,hard,none,prediction_magnitude,10,-0.0032702419772644,0.0048692997298064,-0.6702688369493595,-0.8986379302451609,-0.0155276940697752,0.0061111031746031,0.0075148387096774,1456.0,-0.0012876538865913
lightgbm,10,hard,none,prediction_magnitude,20,-0.0051560437731333,0.0048713310653459,-1.0587412664648463,-1.4138070896388475,-0.0197863191061704,0.0119351031746031,0.0075148387096774,1456.0,-0.0012876538865913
lightgbm,10,hard,none,prediction_magnitude,50,-0.0107921811216915,0.0048832262673296,-2.2195771182106476,-2.923137534666904,-0.0342676035590515,0.0294071031746031,0.0075148387096774,1456.0,-0.0012876538865913
ridge,20,none,none,equal,5,0.0041663543855963,0.0269241380064145,0.1678655690046588,0.2542257304956535,-0.0376949416948942,0.0105311785714285,0.0227251612903225,8806.0,0.0076107821084392
ridge,20,none,none,equal,10,0.001295181219725,0.0269245875522119,0.0615149784788447,0.09301971661449,-0.0390877564415358,0.0193371785714285,0.0227251612903225,8806.0,0.0076107821084392
ridge,20,none,none,equal,20,-0.0044226608758415,0.026925613989569,-0.1511748338556773,-0.2278481907719542,-0.0448206320032101,0.0369491785714285,0.0227251612903225,8806.0,0.0076107821084392
ridge,20,none,none,equal,50,-0.0213818143861327,0.0269297118749349,-0.7891171378108324,-1.178636046990892,-0.0797271687820273,0.0897851785714285,0.0227251612903225,8806.0,0.0076107821084392
ridge,20,none,none,inverse_volatility,5,0.0041663543855963,0.0269241380064145,0.1678655690046588,0.2542257304956535,-0.0376949416948942,0.0105311785714285,0.0227251612903225,8806.0,0.0076107821084392
ridge,20,none,none,inverse_volatility,10,0.001295181219725,0.0269245875522119,0.0615149784788447,0.0930197166144899,-0.0390877564415358,0.0193371785714285,0.0227251612903225,8806.0,0.0076107821084392
ridge,20,none,none,inverse_volatility,20,-0.0044226608758415,0.026925613989569,-0.1511748338556771,-0.227848190771954,-0.04482063200321,0.0369491785714285,0.0227251612903225,8806.0,0.0076107821084392
ridge,20,none,none,inverse_volatility,50,-0.0213818143861327,0.0269297118749349,-0.7891171378108323,-1.178636046990892,-0.0797271687820273,0.0897851785714285,0.0227251612903225,8806.0,0.0076107821084392
ridge,20,none,none,prediction_magnitude,5,0.0041663543855963,0.0269241380064145,0.1678655690046588,0.2542257304956535,-0.0376949416948942,0.0105311785714285,0.0227251612903225,8806.0,0.0076107821084392
ridge,20,none,none,prediction_magnitude,10,0.001295181219725,0.0269245875522119,0.0615149784788447,0.0930197166144899,-0.0390877564415358,0.0193371785714285,0.0227251612903225,8806.0,0.0076107821084392
ridge,20,none,none,prediction_magnitude,20,-0.0044226608758415,0.026925613989569,-0.1511748338556771,-0.227848190771954,-0.04482063200321,0.0369491785714285,0.0227251612903225,8806.0,0.0076107821084392
ridge,20,none,none,prediction_magnitude,50,-0.0213818143861327,0.0269297118749349,-0.7891171378108323,-1.178636046990892,-0.0797271687820273,0.0897851785714285,0.0227251612903225,8806.0,0.0076107821084392
ridge,20,hard,none,equal,5,-0.0016917992664656,0.0057639339807417,-0.2908839136512469,-0.3820619956563834,-0.0140140795082668,0.0021552142857142,0.0046503225806451,1802.0,-0.0009919425510522
ridge,20,hard,none,equal,10,-0.002276582637135,0.0057640568540493,-0.392531922706031,-0.5152762043542092,-0.0148331386957883,0.0039572142857142,0.0046503225806451,1802.0,-0.0009919425510522
ridge,20,hard,none,equal,20,-0.0034451264851853,0.0057643873257767,-0.5958061829869589,-0.7815636719174119,-0.0166420629511754,0.0075612142857142,0.0046503225806451,1802.0,-0.0009919425510522
ridge,20,hard,none,equal,50,-0.0069425891241761,0.0057660563296973,-1.2053474824728143,-1.5803614727008184,-0.0227946373941507,0.0183732142857142,0.0046503225806451,1802.0,-0.0009919425510522
ridge,20,hard,none,inverse_volatility,5,-0.0016917992664656,0.0057639339807417,-0.2908839136512469,-0.3820619956563834,-0.0140140795082668,0.0021552142857142,0.0046503225806451,1802.0,-0.0009919425510522
ridge,20,hard,none,inverse_volatility,10,-0.002276582637135,0.0057640568540493,-0.392531922706031,-0.5152762043542091,-0.0148331386957883,0.0039572142857142,0.0046503225806451,1802.0,-0.0009919425510522
ridge,20,hard,none,inverse_volatility,20,-0.0034451264851853,0.0057643873257767,-0.595806182986959,-0.781563671917412,-0.0166420629511754,0.0075612142857142,0.0046503225806451,1802.0,-0.0009919425510522
ridge,20,hard,none,inverse_volatility,50,-0.0069425891241761,0.0057660563296973,-1.2053474824728143,-1.5803614727008184,-0.0227946373941507,0.0183732142857142,0.0046503225806451,1802.0,-0.0009919425510522
ridge,20,hard,none,prediction_magnitude,5,-0.0016917992664656,0.0057639339807417,-0.2908839136512469,-0.3820619956563834,-0.0140140795082668,0.0021552142857142,0.0046503225806451,1802.0,-0.0009919425510522
ridge,20,hard,none,prediction_magnitude,10,-0.002276582637135,0.0057640568540493,-0.392531922706031,-0.5152762043542091,-0.0148331386957883,0.0039572142857142,0.0046503225806451,1802.0,-0.0009919425510522
ridge,20,hard,none,prediction_magnitude,20,-0.0034451264851853,0.0057643873257767,-0.595806182986959,-0.781563671917412,-0.0166420629511754,0.0075612142857142,0.0046503225806451,1802.0,-0.0009919425510522
ridge,20,hard,none,prediction_magnitude,50,-0.0069425891241761,0.0057660563296973,-1.2053474824728143,-1.5803614727008184,-0.0227946373941507,0.0183732142857142,0.0046503225806451,1802.0,-0.0009919425510522
xgboost,20,none,none,equal,5,-0.0052602358976653,0.0193595503521429,-0.2627599178355776,-0.395450050702202,-0.0446796784186639,0.0092739801587301,0.0200103225806451,7754.0,-0.0022559473346521
xgboost,20,none,none,equal,10,-0.0077652195692941,0.0193615281298857,-0.3929552695419899,-0.5904984237984416,-0.0485109963726194,0.0170279801587301,0.0200103225806451,7754.0,-0.0022559473346521
xgboost,20,none,none,equal,20,-0.0127563579354355,0.0193657339522568,-0.6532577503406388,-0.9792568819565328,-0.0588911697940831,0.0325359801587301,0.0200103225806451,7754.0,-0.0022559473346521
xgboost,20,none,none,equal,50,-0.0275802656466543,0.019380351502281,-1.4333393108502144,-2.12962620717954,-0.0962368211533178,0.0790599801587301,0.0200103225806451,7754.0,-0.0022559473346521
xgboost,20,none,none,inverse_volatility,5,-0.0052602358976653,0.0193595503521429,-0.2627599178355775,-0.3954500507022019,-0.0446796784186639,0.0092739801587301,0.0200103225806451,7754.0,-0.0022559473346521
xgboost,20,none,none,inverse_volatility,10,-0.0077652195692941,0.0193615281298857,-0.3929552695419897,-0.5904984237984414,-0.0485109963726194,0.0170279801587301,0.0200103225806451,7754.0,-0.0022559473346521
xgboost,20,none,none,inverse_volatility,20,-0.0127563579354355,0.0193657339522568,-0.6532577503406392,-0.9792568819565328,-0.0588911697940831,0.0325359801587301,0.0200103225806451,7754.0,-0.0022559473346521
xgboost,20,none,none,inverse_volatility,50,-0.0275802656466543,0.019380351502281,-1.4333393108502144,-2.12962620717954,-0.0962368211533178,0.0790599801587301,0.0200103225806451,7754.0,-0.0022559473346521
xgboost,20,none,none,prediction_magnitude,5,-0.0052602358976653,0.0193595503521429,-0.2627599178355775,-0.3954500507022019,-0.0446796784186639,0.0092739801587301,0.0200103225806451,7754.0,-0.0022559473346521
xgboost,20,none,none,prediction_magnitude,10,-0.0077652195692941,0.0193615281298857,-0.3929552695419897,-0.5904984237984414,-0.0485109963726194,0.0170279801587301,0.0200103225806451,7754.0,-0.0022559473346521
xgboost,20,none,none,prediction_magnitude,20,-0.0127563579354355,0.0193657339522568,-0.6532577503406392,-0.9792568819565328,-0.0588911697940831,0.0325359801587301,0.0200103225806451,7754.0,-0.0022559473346521
xgboost,20,none,none,prediction_magnitude,50,-0.0275802656466543,0.019380351502281,-1.4333393108502144,-2.12962620717954,-0.0962368211533178,0.0790599801587301,0.0200103225806451,7754.0,-0.0022559473346521
xgboost,20,hard,none,equal,5,-0.0026612293185437,0.0043524854688478,-0.6100658117459921,-0.839640789238082,-0.0145067423267287,0.0020183373015873,0.004356129032258,1688.0,-0.0020064691233954
xgboost,20,hard,none,equal,10,-0.0032084975400479,0.0043525856691193,-0.7361543418806807,-1.0123736131195156,-0.0159297889635591,0.0037063373015873,0.004356129032258,1688.0,-0.0020064691233954
xgboost,20,hard,none,equal,20,-0.0043021373184766,0.0043529026181157,-0.988287524962144,-1.3571438762922985,-0.0187697313565802,0.0070823373015873,0.004356129032258,1688.0,-0.0020064691233954
xgboost,20,hard,none,equal,50,-0.007575895029904,0.0043547854537826,-1.7440934769010823,-2.3836364979366347,-0.0273802223840289,0.0172103373015873,0.004356129032258,1688.0,-0.0020064691233954
xgboost,20,hard,none,inverse_volatility,5,-0.0026612293185437,0.0043524854688478,-0.6100658117459921,-0.839640789238082,-0.0145067423267287,0.0020183373015873,0.004356129032258,1688.0,-0.0020064691233954
xgboost,20,hard,none,inverse_volatility,10,-0.0032084975400479,0.0043525856691193,-0.7361543418806807,-1.0123736131195156,-0.0159297889635591,0.0037063373015873,0.004356129032258,1688.0,-0.0020064691233954
xgboost,20,hard,none,inverse_volatility,20,-0.0043021373184766,0.0043529026181157,-0.988287524962144,-1.3571438762922985,-0.0187697313565802,0.0070823373015873,0.004356129032258,1688.0,-0.0020064691233954
xgboost,20,hard,none,inverse_volatility,50,-0.007575895029904,0.0043547854537826,-1.7440934769010823,-2.3836364979366347,-0.0273802223840289,0.0172103373015873,0.004356129032258,1688.0,-0.0020064691233954
xgboost,20,hard,none,prediction_magnitude,5,-0.0026612293185437,0.0043524854688478,-0.6100658117459921,-0.839640789238082,-0.0145067423267287,0.0020183373015873,0.004356129032258,1688.0,-0.0020064691233954
xgboost,20,hard,none,prediction_magnitude,10,-0.0032084975400479,0.0043525856691193,-0.7361543418806807,-1.0123736131195156,-0.0159297889635591,0.0037063373015873,0.004356129032258,1688.0,-0.0020064691233954
xgboost,20,hard,none,prediction_magnitude,20,-0.0043021373184766,0.0043529026181157,-0.988287524962144,-1.3571438762922985,-0.0187697313565802,0.0070823373015873,0.004356129032258,1688.0,-0.0020064691233954
xgboost,20,hard,none,prediction_magnitude,50,-0.007575895029904,0.0043547854537826,-1.7440934769010823,-2.3836364979366347,-0.0273802223840289,0.0172103373015873,0.004356129032258,1688.0,-0.0020064691233954
lightgbm,20,none,none,equal,5,-0.0075969647393723,0.0189539793310474,-0.3928691048932525,-0.5583287939361833,-0.0443367787330409,0.0092926388888888,0.0200516129032258,7770.0,-0.0045936715493568
lightgbm,20,none,none,equal,10,-0.0101012316527212,0.0189556893474443,-0.5261183561812715,-0.7470069211442907,-0.0477769479562046,0.0170626388888888,0.0200516129032258,7770.0,-0.0045936715493568
lightgbm,20,none,none,equal,20,-0.0150909032929416,0.0189593820398766,-0.7925333504947368,-1.1221691863689036,-0.0595347730791347,0.0326026388888888,0.0200516129032258,7770.0,-0.0045936715493568
lightgbm,20,none,none,equal,50,-0.029910149420583,0.0189726393662641,-1.5909732612050176,-2.23667913064472,-0.097372990628303,0.0792226388888889,0.0200516129032258,7770.0,-0.0045936715493568
lightgbm,20,none,none,inverse_volatility,5,-0.0075969647393723,0.0189539793310474,-0.3928691048932525,-0.5583287939361834,-0.0443367787330409,0.0092926388888888,0.0200516129032258,7770.0,-0.0045936715493568
lightgbm,20,none,none,inverse_volatility,10,-0.0101012316527212,0.0189556893474443,-0.5261183561812713,-0.7470069211442906,-0.0477769479562046,0.0170626388888888,0.0200516129032258,7770.0,-0.0045936715493568
lightgbm,20,none,none,inverse_volatility,20,-0.0150909032929416,0.0189593820398766,-0.7925333504947369,-1.1221691863689034,-0.0595347730791347,0.0326026388888888,0.0200516129032258,7770.0,-0.0045936715493568
lightgbm,20,none,none,inverse_volatility,50,-0.029910149420583,0.0189726393662641,-1.5909732612050178,-2.23667913064472,-0.0973729906283029,0.0792226388888889,0.0200516129032258,7770.0,-0.0045936715493568
lightgbm,20,none,none,prediction_magnitude,5,-0.0075969647393723,0.0189539793310474,-0.3928691048932525,-0.5583287939361834,-0.0443367787330409,0.0092926388888888,0.0200516129032258,7770.0,-0.0045936715493568
lightgbm,20,none,none,prediction_magnitude,10,-0.0101012316527212,0.0189556893474443,-0.5261183561812713,-0.7470069211442906,-0.0477769479562046,0.0170626388888888,0.0200516129032258,7770.0,-0.0045936715493568
lightgbm,20,none,none,prediction_magnitude,20,-0.0150909032929416,0.0189593820398766,-0.7925333504947369,-1.1221691863689034,-0.0595347730791347,0.0326026388888888,0.0200516129032258,7770.0,-0.0045936715493568
lightgbm,20,none,none,prediction_magnitude,50,-0.029910149420583,0.0189726393662641,-1.5909732612050178,-2.23667913064472,-0.0973729906283029,0.0792226388888889,0.0200516129032258,7770.0,-0.0045936715493568
lightgbm,20,hard,none,equal,5,-0.0016931675831969,0.0045130269010466,-0.373236413992133,-0.5112557149786182,-0.0138557202725008,0.0020138015873015,0.0043458064516129,1684.0,-0.001039248668645
lightgbm,20,hard,none,equal,10,-0.0022396663397625,0.0045129414969663,-0.494577115878913,-0.6769845653392881,-0.014693623505639,0.0036978015873015,0.0043458064516129,1684.0,-0.001039248668645
lightgbm,20,hard,none,equal,20,-0.0033317705745329,0.0045128825454767,-0.737254023781577,-1.0087759367984444,-0.0163673008468905,0.0070658015873015,0.0043458064516129,1684.0,-0.001039248668645
lightgbm,20,hard,none,equal,50,-0.0066009486729602,0.0045136005138067,-1.465032289122264,-1.997511337751398,-0.0237400382287868,0.0171698015873015,0.0043458064516129,1684.0,-0.001039248668645
lightgbm,20,hard,none,inverse_volatility,5,-0.0016931675831969,0.0045130269010466,-0.373236413992133,-0.5112557149786182,-0.0138557202725008,0.0020138015873015,0.0043458064516129,1684.0,-0.001039248668645
lightgbm,20,hard,none,inverse_volatility,10,-0.0022396663397625,0.0045129414969663,-0.494577115878913,-0.6769845653392881,-0.014693623505639,0.0036978015873015,0.0043458064516129,1684.0,-0.001039248668645
lightgbm,20,hard,none,inverse_volatility,20,-0.0033317705745329,0.0045128825454767,-0.737254023781577,-1.0087759367984444,-0.0163673008468905,0.0070658015873015,0.0043458064516129,1684.0,-0.001039248668645
lightgbm,20,hard,none,inverse_volatility,50,-0.0066009486729602,0.0045136005138067,-1.465032289122264,-1.997511337751398,-0.0237400382287868,0.0171698015873015,0.0043458064516129,1684.0,-0.001039248668645
lightgbm,20,hard,none,prediction_magnitude,5,-0.0016931675831969,0.0045130269010466,-0.373236413992133,-0.5112557149786182,-0.0138557202725008,0.0020138015873015,0.0043458064516129,1684.0,-0.001039248668645
lightgbm,20,hard,none,prediction_magnitude,10,-0.0022396663397625,0.0045129414969663,-0.494577115878913,-0.6769845653392881,-0.014693623505639,0.0036978015873015,0.0043458064516129,1684.0,-0.001039248668645
lightgbm,20,hard,none,prediction_magnitude,20,-0.0033317705745329,0.0045128825454767,-0.737254023781577,-1.0087759367984444,-0.0163673008468905,0.0070658015873015,0.0043458064516129,1684.0,-0.001039248668645
lightgbm,20,hard,none,prediction_magnitude,50,-0.0066009486729602,0.0045136005138067,-1.465032289122264,-1.997511337751398,-0.0237400382287868,0.0171698015873015,0.0043458064516129,1684.0,-0.001039248668645
ridge,20,none,triple_barrier_lgbm_p>0.50,equal,5,9.519226398690961e-06,0.0022932404528545653,0.005297205569837056,0.003268083953729398,-0.006839522066043324,0.0011420873015873015,0.0006885838150289019,972.0,0.0001135014662141387
ridge,20,none,triple_barrier_lgbm_p>0.50,equal,10,-7.723931782732674e-05,0.002293196945470384,-0.032537019875761304,-0.020055097928887985,-0.007058586824174373,0.002095087301587301,0.0006885838150289019,972.0,0.0001135014662141387
ridge,20,none,triple_barrier_lgbm_p>0.50,equal,20,-0.0002507343352562419,0.002293293038685777,-0.10820113775049378,-0.06662980194409746,-0.007537094119785537,0.0040010873015873015,0.0006885838150289019,972.0,0.0001135014662141387
ridge,20,none,triple_barrier_lgbm_p>0.50,equal,50,-0.0007710428632331512,0.002295045467927957,-0.33494163444045033,-0.2059420254571827,-0.00918703047217162,0.009719087301587303,0.0006885838150289019,972.0,0.0001135014662141387
ridge,20,none,triple_barrier_lgbm_p>0.55,equal,5,1.1701515294504361e-05,0.0019249676360599704,0.00704099275827133,0.003992051568021186,-0.00599757453186156,0.001047452380952381,0.0006315028901734105,892.0,0.00010706768321666615
ridge,20,none,triple_barrier_lgbm_p>0.55,equal,10,-6.78657437225283e-05,0.001925027002316116,-0.03429337920819679,-0.019439454452837707,-0.006104932946496722,0.0019214523809523807,0.0006315028901734105,892.0,0.00010706768321666615
ridge,20,none,triple_barrier_lgbm_p>0.55,equal,20,-0.000226981717456054,0.0019253393056186895,-0.11694271687233493,-0.06626866145257597,-0.006319615628985642,0.003669452380952381,0.0006315028901734105,892.0,0.00010706768321666615
ridge,20,none,triple_barrier_lgbm_p>0.55,equal,50,-0.0007041813179977652,0.001927823069871671,-0.36443727915239155,-0.2067071390586871,-0.008604356300490612,0.008913452380952383,0.0006315028901734105,892.0,0.00010706768321666615
ridge,20,none,triple_barrier_lgbm_p>0.60,equal,5,-5.1800930601975104e-05,0.0006528546749952048,-0.07902100387801768,-0.031212777967629692,-0.0016016926704874868,0.00020257142857142856,0.00012210982658959537,170.0,-3.335941618531901e-05
ridge,20,none,triple_barrier_lgbm_p>0.60,equal,10,-6.718596429999835e-05,0.0006530185768726037,-0.10256227361190856,-0.04066754568535335,-0.001629649826137114,0.0003715714285714286,0.00012210982658959537,170.0,-3.335941618531901e-05
ridge,20,none,triple_barrier_lgbm_p>0.60,equal,20,-9.79553780956488e-05,0.0006534285015912776,-0.14959057650133872,-0.059389703390444915,-0.0017773709206930777,0.0007095714285714284,0.00012210982658959537,170.0,-3.335941618531901e-05
ridge,20,none,triple_barrier_lgbm_p>0.60,equal,50,-0.0001902583908842681,0.0006553130854117925,-0.29003201582301114,-0.11569367666314617,-0.002429029518816961,0.0017235714285714285,0.00012210982658959537,170.0,-3.335941618531901e-05
ridge,20,none,triple_barrier_lgbm_p>0.65,equal,5,-1.7902642537759306e-05,6.568678072040034e-05,-0.27251518764655136,-0.0218508636913287,-0.00021210440183261348,4.793650793650793e-06,2.8901734104046244e-06,4.0,-1.746622727849534e-05
ridge,20,none,triple_barrier_lgbm_p>0.65,equal,10,-1.8266804294508887e-05,6.578518843062564e-05,-0.2776431543232572,-0.02236095378401878,-0.0002141039800254152,8.793650793650793e-06,2.8901734104046244e-06,4.0,-1.746622727849534e-05
ridge,20,none,triple_barrier_lgbm_p>0.65,equal,20,-1.899512850278562e-05,6.599810095659393e-05,-0.2877829914461061,-0.023383977844458278,-0.00021810313041248364,1.6793650793650794e-05,2.8901734104046244e-06,4.0,-1.746622727849534e-05
ridge,20,none,triple_barrier_lgbm_p>0.65,equal,50,-2.1180106684837163e-05,6.676365093410939e-05,-0.31721006453373524,-0.02646500261155302,-0.00023262038480276193,4.0793650793650795e-05,2.8901734104046244e-06,4.0,-1.746622727849534e-05
ridge,20,none,triple_barrier_lgbm_p>0.70,equal,5,0.0,0.0,0.0,,0.0,0.0,0.0,0.0,0.0
ridge,20,none,triple_barrier_lgbm_p>0.70,equal,10,0.0,0.0,0.0,,0.0,0.0,0.0,0.0,0.0
ridge,20,none,triple_barrier_lgbm_p>0.70,equal,20,0.0,0.0,0.0,,0.0,0.0,0.0,0.0,0.0
ridge,20,none,triple_barrier_lgbm_p>0.70,equal,50,0.0,0.0,0.0,,0.0,0.0,0.0,0.0,0.0
